imgId_eId,val
f27825b2c.png_0,0.020266848
f27825b2c.png_1,0.099165216
f27825b2c.png_2,-0.013597249
f27825b2c.png_3,-0.045828257
f27825b2c.png_4,-0.005267858
f27825b2c.png_5,0.01248231
f27825b2c.png_6,0.019788006
f27825b2c.png_7,0.052167498
f27825b2c.png_8,0.040839616
f27825b2c.png_9,-0.07209651
f27825b2c.png_10,0.04364147
f27825b2c.png_11,0.049089506
f27825b2c.png_12,0.047671217
f27825b2c.png_13,-0.04312532
f27825b2c.png_14,0.057474572
f27825b2c.png_15,-0.042570025
f27825b2c.png_16,0.07508814
f27825b2c.png_17,0.026618531
f27825b2c.png_18,0.062769346
f27825b2c.png_19,-0.02743112
f27825b2c.png_20,0.029234692
f27825b2c.png_21,0.08025253
f27825b2c.png_22,0.07003799
f27825b2c.png_23,-0.018202256
f27825b2c.png_24,-0.08340333
f27825b2c.png_25,-0.09164287
f27825b2c.png_26,-0.002578495
f27825b2c.png_27,0.048247106
f27825b2c.png_28,0.04431799
f27825b2c.png_29,0.0068706446
f27825b2c.png_30,0.062127855
f27825b2c.png_31,-0.0072457013
f27825b2c.png_32,0.035153866
f27825b2c.png_33,0.01573805
f27825b2c.png_34,-0.042919494
f27825b2c.png_35,-0.06522759
f27825b2c.png_36,0.056527685
f27825b2c.png_37,0.03896177
f27825b2c.png_38,0.04388493
f27825b2c.png_39,0.0056037847
f27825b2c.png_40,0.047722347
f27825b2c.png_41,-0.043429434
f27825b2c.png_42,-0.11195841
f27825b2c.png_43,0.018145654
f27825b2c.png_44,0.015821373
f27825b2c.png_45,0.05673534
f27825b2c.png_46,0.033200137
f27825b2c.png_47,-0.01663831
f27825b2c.png_48,0.0013421384
f27825b2c.png_49,-0.030114442
f27825b2c.png_50,0.007223067
f27825b2c.png_51,-0.00836383
f27825b2c.png_52,0.09539209
f27825b2c.png_53,0.00061504985
f27825b2c.png_54,-0.018791256
f27825b2c.png_55,0.014053379
f27825b2c.png_56,0.05091815
f27825b2c.png_57,-0.027601559
f27825b2c.png_58,0.048648987
f27825b2c.png_59,0.0122382585
f27825b2c.png_60,0.02039123
f27825b2c.png_61,-0.051816132
f27825b2c.png_62,-0.0018356849
f27825b2c.png_63,-0.015399625
f27825b2c.png_64,0.045404654
f27825b2c.png_65,-0.06829136
f27825b2c.png_66,-0.09642918
f27825b2c.png_67,0.007496125
f27825b2c.png_68,-0.012310605
f27825b2c.png_69,-0.048668306
f27825b2c.png_70,0.018303229
f27825b2c.png_71,-0.01048107
f27825b2c.png_72,-0.011680204
f27825b2c.png_73,-0.03171909
f27825b2c.png_74,-0.041649237
f27825b2c.png_75,-0.011116929
f27825b2c.png_76,0.0039482834
f27825b2c.png_77,-0.018144706
f27825b2c.png_78,-0.003945556
f27825b2c.png_79,0.007490482
f27825b2c.png_80,0.056589942
f27825b2c.png_81,0.024947861
f27825b2c.png_82,-0.016318796
f27825b2c.png_83,0.014922367
f27825b2c.png_84,-0.033725016
f27825b2c.png_85,-0.03769597
f27825b2c.png_86,0.026544372
f27825b2c.png_87,0.025570074
f27825b2c.png_88,0.016626235
f27825b2c.png_89,-0.096962355
f27825b2c.png_90,-0.0686739
f27825b2c.png_91,-0.047116004
f27825b2c.png_92,-0.062274136
f27825b2c.png_93,-0.024052812
f27825b2c.png_94,-0.026285565
f27825b2c.png_95,-0.08149844
f27825b2c.png_96,-0.012791778
f27825b2c.png_97,0.029610561
f27825b2c.png_98,-0.039089657
f27825b2c.png_99,0.037407044
f27825b2c.png_100,0.0067046154
f27825b2c.png_101,-0.035678506
f27825b2c.png_102,0.05913058
f27825b2c.png_103,0.04043211
f27825b2c.png_104,-0.01765754
f27825b2c.png_105,-0.031188
f27825b2c.png_106,0.027008621
f27825b2c.png_107,0.049178388
f27825b2c.png_108,0.0047147768
f27825b2c.png_109,0.009781462
f27825b2c.png_110,0.037439767
f27825b2c.png_111,-0.054708563
f27825b2c.png_112,0.03138867
f27825b2c.png_113,-0.0036835214
f27825b2c.png_114,0.025068855
f27825b2c.png_115,-0.06131051
f27825b2c.png_116,-0.027740227
f27825b2c.png_117,-0.015354619
f27825b2c.png_118,-0.030664898
f27825b2c.png_119,-0.10860332
f27825b2c.png_120,0.09669293
f27825b2c.png_121,0.03360466
f27825b2c.png_122,0.02586624
f27825b2c.png_123,0.062177755
f27825b2c.png_124,0.016480427
f27825b2c.png_125,0.01635949
f27825b2c.png_126,0.13077314
f27825b2c.png_127,-5.2327803e-33
f27825b2c.png_128,0.007870687
f27825b2c.png_129,0.038822204
f27825b2c.png_130,-0.02027576
f27825b2c.png_131,0.04546893
f27825b2c.png_132,-0.00025984462
f27825b2c.png_133,0.026757263
f27825b2c.png_134,0.052593622
f27825b2c.png_135,0.011566329
f27825b2c.png_136,-0.013305137
f27825b2c.png_137,0.09945941
f27825b2c.png_138,0.071383506
f27825b2c.png_139,0.033075225
f27825b2c.png_140,-0.08364592
f27825b2c.png_141,0.096509516
f27825b2c.png_142,-0.10712424
f27825b2c.png_143,0.044381004
f27825b2c.png_144,0.11607366
f27825b2c.png_145,-0.036450714
f27825b2c.png_146,0.054512
f27825b2c.png_147,-0.069834694
f27825b2c.png_148,-0.066445984
f27825b2c.png_149,-0.018922437
f27825b2c.png_150,-0.024023816
f27825b2c.png_151,0.050048467
f27825b2c.png_152,0.017410247
f27825b2c.png_153,0.10999311
f27825b2c.png_154,0.0009501451
f27825b2c.png_155,-0.07712784
f27825b2c.png_156,0.03228957
f27825b2c.png_157,-0.017736329
f27825b2c.png_158,0.03612482
f27825b2c.png_159,0.073105104
f27825b2c.png_160,0.069304615
f27825b2c.png_161,0.05634282
f27825b2c.png_162,-0.013324525
f27825b2c.png_163,-0.047516063
f27825b2c.png_164,-0.091050416
f27825b2c.png_165,0.051110364
f27825b2c.png_166,-0.051679872
f27825b2c.png_167,-0.047604747
f27825b2c.png_168,-0.042948
f27825b2c.png_169,0.026527187
f27825b2c.png_170,0.059176236
f27825b2c.png_171,0.0235711
f27825b2c.png_172,-0.009514382
f27825b2c.png_173,0.007837054
f27825b2c.png_174,-0.01230402
f27825b2c.png_175,0.027212737
f27825b2c.png_176,0.004613396
f27825b2c.png_177,0.083069675
f27825b2c.png_178,-0.035958845
f27825b2c.png_179,0.05551461
f27825b2c.png_180,-0.04468138
f27825b2c.png_181,0.057591677
f27825b2c.png_182,-0.06865401
f27825b2c.png_183,-0.11685064
f27825b2c.png_184,0.021974497
f27825b2c.png_185,-0.025759306
f27825b2c.png_186,0.020391583
f27825b2c.png_187,0.005749935
f27825b2c.png_188,-0.053638596
f27825b2c.png_189,0.08298794
f27825b2c.png_190,-0.06547997
f27825b2c.png_191,0.014040166
f27825b2c.png_192,-0.05185726
f27825b2c.png_193,-0.09491379
f27825b2c.png_194,-0.054091368
f27825b2c.png_195,-0.025229914
f27825b2c.png_196,-0.0026201408
f27825b2c.png_197,0.09106247
f27825b2c.png_198,0.025878262
f27825b2c.png_199,0.060679372
f27825b2c.png_200,-0.007901631
f27825b2c.png_201,0.06685373
f27825b2c.png_202,-0.07955593
f27825b2c.png_203,0.027483819
f27825b2c.png_204,-0.08177003
f27825b2c.png_205,0.11752072
f27825b2c.png_206,-0.0124034565
f27825b2c.png_207,0.011101461
f27825b2c.png_208,-0.037291486
f27825b2c.png_209,-0.046038613
f27825b2c.png_210,0.027932072
f27825b2c.png_211,-0.06502016
f27825b2c.png_212,-0.031037208
f27825b2c.png_213,0.054696493
f27825b2c.png_214,-0.03712925
f27825b2c.png_215,-0.017938484
f27825b2c.png_216,0.05784708
f27825b2c.png_217,0.0015633535
f27825b2c.png_218,-0.040574107
f27825b2c.png_219,-0.0033065516
f27825b2c.png_220,-0.015118458
f27825b2c.png_221,0.10674241
f27825b2c.png_222,0.054781463
f27825b2c.png_223,2.5173206e-33
f27825b2c.png_224,0.03766723
f27825b2c.png_225,-0.023289884
f27825b2c.png_226,0.03512714
f27825b2c.png_227,0.03926791
f27825b2c.png_228,0.015682986
f27825b2c.png_229,0.028094979
f27825b2c.png_230,-0.09370549
f27825b2c.png_231,0.0017949058
f27825b2c.png_232,-0.06345395
f27825b2c.png_233,-0.0050182343
f27825b2c.png_234,-0.02882369
f27825b2c.png_235,0.027183866
f27825b2c.png_236,0.07161024
f27825b2c.png_237,-0.03564728
f27825b2c.png_238,0.089587174
f27825b2c.png_239,0.049390227
f27825b2c.png_240,0.010689097
f27825b2c.png_241,0.030320887
f27825b2c.png_242,-0.040732227
f27825b2c.png_243,0.0315409
f27825b2c.png_244,-0.01088148
f27825b2c.png_245,0.016830726
f27825b2c.png_246,-0.08929949
f27825b2c.png_247,-0.046062957
f27825b2c.png_248,-0.14692819
f27825b2c.png_249,0.064573415
f27825b2c.png_250,0.038427707
f27825b2c.png_251,-0.06077151
f27825b2c.png_252,-0.051716976
f27825b2c.png_253,0.004058302
f27825b2c.png_254,-0.11344955
f27825b2c.png_255,-0.04384336
f27825b2c.png_256,0.021024905
f27825b2c.png_257,-0.023898544
f27825b2c.png_258,-0.030951027
f27825b2c.png_259,-0.053064056
f27825b2c.png_260,-0.10841957
f27825b2c.png_261,0.026815487
f27825b2c.png_262,0.06909463
f27825b2c.png_263,0.07371487
f27825b2c.png_264,0.011635648
f27825b2c.png_265,0.05956286
f27825b2c.png_266,0.044564504
f27825b2c.png_267,-0.021950714
f27825b2c.png_268,-0.011720694
f27825b2c.png_269,-0.024719553
f27825b2c.png_270,-0.054709136
f27825b2c.png_271,-0.10875718
f27825b2c.png_272,0.09935276
f27825b2c.png_273,0.010550604
f27825b2c.png_274,-0.07995345
f27825b2c.png_275,0.07977754
f27825b2c.png_276,-0.00064240734
f27825b2c.png_277,-0.13321514
f27825b2c.png_278,0.034726143
f27825b2c.png_279,0.04987059
f27825b2c.png_280,-0.048423823
f27825b2c.png_281,0.022128373
f27825b2c.png_282,-0.071777016
f27825b2c.png_283,-0.049621373
f27825b2c.png_284,-0.025213026
f27825b2c.png_285,0.014514093
f27825b2c.png_286,0.09705413
f27825b2c.png_287,-0.027478134
f27825b2c.png_288,-0.010603492
f27825b2c.png_289,0.055518113
f27825b2c.png_290,0.0054782457
f27825b2c.png_291,0.07724005
f27825b2c.png_292,0.088866144
f27825b2c.png_293,-0.03641203
f27825b2c.png_294,-0.020077484
f27825b2c.png_295,-0.00029244527
f27825b2c.png_296,0.07395063
f27825b2c.png_297,-0.08083715
f27825b2c.png_298,-0.039838675
f27825b2c.png_299,0.0024798033
f27825b2c.png_300,-0.03712961
f27825b2c.png_301,-0.018663459
f27825b2c.png_302,0.06893752
f27825b2c.png_303,-0.02814608
f27825b2c.png_304,-0.055764012
f27825b2c.png_305,-0.031588856
f27825b2c.png_306,0.013589654
f27825b2c.png_307,0.0051597604
f27825b2c.png_308,-0.01124415
f27825b2c.png_309,0.101715975
f27825b2c.png_310,-0.006944613
f27825b2c.png_311,0.043570295
f27825b2c.png_312,0.023718977
f27825b2c.png_313,-0.018265164
f27825b2c.png_314,-0.027028326
f27825b2c.png_315,0.14547205
f27825b2c.png_316,-0.06902402
f27825b2c.png_317,-0.019223096
f27825b2c.png_318,0.027947826
f27825b2c.png_319,-1.8774239e-08
f27825b2c.png_320,-0.0034954157
f27825b2c.png_321,-0.10525779
f27825b2c.png_322,-0.027869929
f27825b2c.png_323,0.051082987
f27825b2c.png_324,0.031935796
f27825b2c.png_325,-0.027511984
f27825b2c.png_326,-0.006877135
f27825b2c.png_327,-0.020410018
f27825b2c.png_328,-0.03962712
f27825b2c.png_329,0.03660842
f27825b2c.png_330,-0.062164888
f27825b2c.png_331,0.04676782
f27825b2c.png_332,-0.06279416
f27825b2c.png_333,-0.017038578
f27825b2c.png_334,-0.02790889
f27825b2c.png_335,-0.042231936
f27825b2c.png_336,0.010605
f27825b2c.png_337,-0.037818223
f27825b2c.png_338,-0.032853283
f27825b2c.png_339,-0.011629847
f27825b2c.png_340,0.012780028
f27825b2c.png_341,0.048052546
f27825b2c.png_342,0.0371852
f27825b2c.png_343,-0.006009142
f27825b2c.png_344,-0.021245956
f27825b2c.png_345,-0.02669481
f27825b2c.png_346,-0.037055492
f27825b2c.png_347,0.03960486
f27825b2c.png_348,0.008725845
f27825b2c.png_349,0.027377408
f27825b2c.png_350,0.067742035
f27825b2c.png_351,0.045624655
f27825b2c.png_352,-0.09618804
f27825b2c.png_353,-0.013107194
f27825b2c.png_354,0.052301884
f27825b2c.png_355,-0.040848896
f27825b2c.png_356,0.042001154
f27825b2c.png_357,0.04965813
f27825b2c.png_358,0.028998462
f27825b2c.png_359,-0.053210367
f27825b2c.png_360,-0.04636065
f27825b2c.png_361,-0.11179682
f27825b2c.png_362,-0.00814009
f27825b2c.png_363,0.015710521
f27825b2c.png_364,-0.05383282
f27825b2c.png_365,0.060703635
f27825b2c.png_366,-0.0028647315
f27825b2c.png_367,-0.0064415694
f27825b2c.png_368,-0.049095348
f27825b2c.png_369,0.054553177
f27825b2c.png_370,-0.1285479
f27825b2c.png_371,0.023683202
f27825b2c.png_372,0.05690095
f27825b2c.png_373,0.0013282343
f27825b2c.png_374,0.049621373
f27825b2c.png_375,-0.052918807
f27825b2c.png_376,0.034997277
f27825b2c.png_377,-0.029905794
f27825b2c.png_378,-0.0035628206
f27825b2c.png_379,-0.024502624
f27825b2c.png_380,-0.04949989
f27825b2c.png_381,-0.10390657
f27825b2c.png_382,-0.0071374266
f27825b2c.png_383,0.016554007
92e911621.png_0,-0.07764186
92e911621.png_1,0.06523524
92e911621.png_2,0.0065841954
92e911621.png_3,-0.0022847534
92e911621.png_4,-0.028067967
92e911621.png_5,-0.031457197
92e911621.png_6,0.0020551914
92e911621.png_7,0.046536285
92e911621.png_8,-0.03238681
92e911621.png_9,-0.005152337
92e911621.png_10,-0.026873967
92e911621.png_11,-0.018616283
92e911621.png_12,-0.05149716
92e911621.png_13,0.074435696
92e911621.png_14,-0.0712473
92e911621.png_15,0.036166962
92e911621.png_16,-0.020753568
92e911621.png_17,0.040051594
92e911621.png_18,0.06496384
92e911621.png_19,0.052724905
92e911621.png_20,0.045845482
92e911621.png_21,0.015467767
92e911621.png_22,0.04107028
92e911621.png_23,0.07489019
92e911621.png_24,0.055041566
92e911621.png_25,0.033667233
92e911621.png_26,-0.0038677074
92e911621.png_27,0.026451966
92e911621.png_28,0.037644982
92e911621.png_29,-0.018189551
92e911621.png_30,-0.041295234
92e911621.png_31,-0.089286044
92e911621.png_32,-0.031082915
92e911621.png_33,-0.015982337
92e911621.png_34,0.019705866
92e911621.png_35,0.01795328
92e911621.png_36,0.029482499
92e911621.png_37,0.0017500961
92e911621.png_38,0.05604772
92e911621.png_39,0.040710013
92e911621.png_40,-0.014279111
92e911621.png_41,0.02247871
92e911621.png_42,0.003854535
92e911621.png_43,0.04369494
92e911621.png_44,-0.041669592
92e911621.png_45,0.013165309
92e911621.png_46,-0.085575946
92e911621.png_47,0.089181945
92e911621.png_48,-0.008317028
92e911621.png_49,-0.060078006
92e911621.png_50,-0.06385553
92e911621.png_51,-0.08274218
92e911621.png_52,-0.035117153
92e911621.png_53,-0.111674786
92e911621.png_54,-0.020448288
92e911621.png_55,0.012890089
92e911621.png_56,0.04842113
92e911621.png_57,-0.090576656
92e911621.png_58,-0.0076014847
92e911621.png_59,-0.065448545
92e911621.png_60,0.08737644
92e911621.png_61,0.034311894
92e911621.png_62,0.044585872
92e911621.png_63,0.060802806
92e911621.png_64,-0.012580931
92e911621.png_65,-0.00620948
92e911621.png_66,0.0045330366
92e911621.png_67,-0.015671866
92e911621.png_68,-0.08119981
92e911621.png_69,0.033720795
92e911621.png_70,0.010100497
92e911621.png_71,-0.016618961
92e911621.png_72,-0.02888565
92e911621.png_73,-0.05331964
92e911621.png_74,-0.0067590754
92e911621.png_75,-0.09386509
92e911621.png_76,0.04826271
92e911621.png_77,-0.09832499
92e911621.png_78,-0.03735175
92e911621.png_79,0.0062318426
92e911621.png_80,-0.0023058539
92e911621.png_81,0.019768262
92e911621.png_82,-0.026651552
92e911621.png_83,-0.05832198
92e911621.png_84,-0.024233451
92e911621.png_85,0.019732684
92e911621.png_86,-0.013351091
92e911621.png_87,-0.012210417
92e911621.png_88,-0.07791277
92e911621.png_89,-0.050761398
92e911621.png_90,-0.02173726
92e911621.png_91,-0.031567607
92e911621.png_92,-0.012687014
92e911621.png_93,-0.0715714
92e911621.png_94,0.021771234
92e911621.png_95,-0.0011101868
92e911621.png_96,-0.023187503
92e911621.png_97,-0.03164312
92e911621.png_98,0.0042204447
92e911621.png_99,0.04463678
92e911621.png_100,0.017517833
92e911621.png_101,-0.008729085
92e911621.png_102,0.02822061
92e911621.png_103,-0.026633661
92e911621.png_104,-0.0040677823
92e911621.png_105,-0.018944744
92e911621.png_106,-0.046233628
92e911621.png_107,-0.021104347
92e911621.png_108,0.06345333
92e911621.png_109,0.02649615
92e911621.png_110,-0.052345436
92e911621.png_111,0.06770082
92e911621.png_112,-0.019643435
92e911621.png_113,0.05995365
92e911621.png_114,-0.106473185
92e911621.png_115,-0.057336196
92e911621.png_116,-0.08793605
92e911621.png_117,-0.040329203
92e911621.png_118,0.033593062
92e911621.png_119,0.042767793
92e911621.png_120,0.010005975
92e911621.png_121,0.01561463
92e911621.png_122,-0.04012032
92e911621.png_123,0.07230391
92e911621.png_124,0.050487686
92e911621.png_125,-0.036153033
92e911621.png_126,0.041030757
92e911621.png_127,-6.454077e-33
92e911621.png_128,0.024835145
92e911621.png_129,-0.03824394
92e911621.png_130,0.018444063
92e911621.png_131,-0.054066844
92e911621.png_132,0.15365255
92e911621.png_133,0.019315485
92e911621.png_134,0.013696976
92e911621.png_135,0.015595753
92e911621.png_136,-0.049241386
92e911621.png_137,0.084131174
92e911621.png_138,-0.0566041
92e911621.png_139,-0.06453563
92e911621.png_140,-0.0036369804
92e911621.png_141,0.06398156
92e911621.png_142,-0.058248032
92e911621.png_143,-0.00019502852
92e911621.png_144,-0.053663876
92e911621.png_145,0.08370155
92e911621.png_146,-0.011199569
92e911621.png_147,0.05969086
92e911621.png_148,-0.07542637
92e911621.png_149,0.043092277
92e911621.png_150,0.020342099
92e911621.png_151,-0.03073422
92e911621.png_152,0.011255581
92e911621.png_153,0.04151956
92e911621.png_154,-0.11935482
92e911621.png_155,-0.014873841
92e911621.png_156,0.024304789
92e911621.png_157,0.0020164892
92e911621.png_158,0.051528543
92e911621.png_159,-0.05530881
92e911621.png_160,-0.09126758
92e911621.png_161,-0.017189594
92e911621.png_162,-0.006065096
92e911621.png_163,-0.09061655
92e911621.png_164,0.008727174
92e911621.png_165,-0.13466913
92e911621.png_166,-0.017086035
92e911621.png_167,0.014781512
92e911621.png_168,0.047674067
92e911621.png_169,0.01343646
92e911621.png_170,0.009137793
92e911621.png_171,0.04304244
92e911621.png_172,-0.06479633
92e911621.png_173,0.0049741655
92e911621.png_174,0.08088317
92e911621.png_175,0.04960398
92e911621.png_176,-0.107303984
92e911621.png_177,0.011320764
92e911621.png_178,0.028536111
92e911621.png_179,0.015685061
92e911621.png_180,-0.055145107
92e911621.png_181,-0.0418646
92e911621.png_182,-0.05766437
92e911621.png_183,-0.03605763
92e911621.png_184,-0.002161928
92e911621.png_185,-0.018222906
92e911621.png_186,0.0074537196
92e911621.png_187,-0.02598025
92e911621.png_188,0.105148286
92e911621.png_189,0.058681734
92e911621.png_190,0.034031782
92e911621.png_191,-0.054353915
92e911621.png_192,0.020537725
92e911621.png_193,0.0064152423
92e911621.png_194,-0.03418432
92e911621.png_195,0.021016123
92e911621.png_196,0.106669135
92e911621.png_197,0.049775172
92e911621.png_198,-0.026649162
92e911621.png_199,-0.14664803
92e911621.png_200,-0.013896164
92e911621.png_201,-0.06784135
92e911621.png_202,-0.016721897
92e911621.png_203,0.014211333
92e911621.png_204,0.0040551685
92e911621.png_205,-0.055085376
92e911621.png_206,-0.030715892
92e911621.png_207,0.03861865
92e911621.png_208,0.038753286
92e911621.png_209,-0.106733605
92e911621.png_210,0.023921875
92e911621.png_211,-0.11699631
92e911621.png_212,-0.036753308
92e911621.png_213,0.041722417
92e911621.png_214,0.02050696
92e911621.png_215,-0.100655735
92e911621.png_216,0.07109537
92e911621.png_217,0.06894273
92e911621.png_218,-0.059317835
92e911621.png_219,-0.06629895
92e911621.png_220,-0.03364561
92e911621.png_221,-0.050457012
92e911621.png_222,0.020372182
92e911621.png_223,2.7510318e-33
92e911621.png_224,-0.02438391
92e911621.png_225,0.02346216
92e911621.png_226,0.032169446
92e911621.png_227,0.009849126
92e911621.png_228,-0.013414641
92e911621.png_229,-0.07639332
92e911621.png_230,-0.071143925
92e911621.png_231,0.07284905
92e911621.png_232,-0.040687367
92e911621.png_233,-0.067954026
92e911621.png_234,0.026982427
92e911621.png_235,-0.026035633
92e911621.png_236,0.0030728355
92e911621.png_237,-0.028294824
92e911621.png_238,0.048154317
92e911621.png_239,0.05600247
92e911621.png_240,0.062376842
92e911621.png_241,0.012449883
92e911621.png_242,0.031093586
92e911621.png_243,0.012492301
92e911621.png_244,-0.0036632605
92e911621.png_245,-0.024861274
92e911621.png_246,-0.005887687
92e911621.png_247,0.078841545
92e911621.png_248,-0.026239732
92e911621.png_249,0.07918738
92e911621.png_250,0.02863854
92e911621.png_251,-0.092454664
92e911621.png_252,0.007992127
92e911621.png_253,-0.0076527228
92e911621.png_254,-0.06544218
92e911621.png_255,-0.0955357
92e911621.png_256,0.055090636
92e911621.png_257,-0.030216197
92e911621.png_258,0.012600607
92e911621.png_259,-0.0072086616
92e911621.png_260,-0.018471586
92e911621.png_261,-0.06482636
92e911621.png_262,0.05931755
92e911621.png_263,-0.016402999
92e911621.png_264,0.06321173
92e911621.png_265,0.04996284
92e911621.png_266,0.0437142
92e911621.png_267,0.12927353
92e911621.png_268,0.009120656
92e911621.png_269,-0.02780802
92e911621.png_270,-0.012957714
92e911621.png_271,0.057134982
92e911621.png_272,0.049395222
92e911621.png_273,0.0129669625
92e911621.png_274,-0.0046687587
92e911621.png_275,0.024661595
92e911621.png_276,0.067574225
92e911621.png_277,-0.08567577
92e911621.png_278,0.035431113
92e911621.png_279,-0.00071219134
92e911621.png_280,-0.118602276
92e911621.png_281,-0.05242786
92e911621.png_282,0.03541766
92e911621.png_283,0.058293648
92e911621.png_284,-0.03093707
92e911621.png_285,-0.023602841
92e911621.png_286,-0.1116161
92e911621.png_287,-0.021664536
92e911621.png_288,0.06658385
92e911621.png_289,0.037160993
92e911621.png_290,-0.062476493
92e911621.png_291,-0.0070892517
92e911621.png_292,-0.034277063
92e911621.png_293,0.06119455
92e911621.png_294,0.004351891
92e911621.png_295,0.07150218
92e911621.png_296,0.05990989
92e911621.png_297,0.02687088
92e911621.png_298,-0.027257169
92e911621.png_299,0.024263637
92e911621.png_300,0.014661967
92e911621.png_301,-0.018083122
92e911621.png_302,0.056870326
92e911621.png_303,0.031161634
92e911621.png_304,-0.07680587
92e911621.png_305,-0.065026395
92e911621.png_306,0.037793048
92e911621.png_307,0.026810579
92e911621.png_308,0.03303154
92e911621.png_309,0.019391468
92e911621.png_310,-0.043862022
92e911621.png_311,0.043905508
92e911621.png_312,-0.06809294
92e911621.png_313,-0.0032477556
92e911621.png_314,-0.01039828
92e911621.png_315,0.046252392
92e911621.png_316,0.045503773
92e911621.png_317,0.09095224
92e911621.png_318,0.06567918
92e911621.png_319,-1.6146377e-08
92e911621.png_320,0.116093986
92e911621.png_321,0.00078257197
92e911621.png_322,0.08124019
92e911621.png_323,-0.075756274
92e911621.png_324,0.04014043
92e911621.png_325,-0.0030666045
92e911621.png_326,0.017291684
92e911621.png_327,-0.09331212
92e911621.png_328,-0.049991872
92e911621.png_329,1.956462e-05
92e911621.png_330,-0.02158609
92e911621.png_331,0.1255874
92e911621.png_332,-0.02090859
92e911621.png_333,0.05324171
92e911621.png_334,-0.01059531
92e911621.png_335,0.092327856
92e911621.png_336,-0.009055653
92e911621.png_337,-0.054171648
92e911621.png_338,-0.005935122
92e911621.png_339,0.016162507
92e911621.png_340,0.0022541338
92e911621.png_341,0.004777413
92e911621.png_342,0.009620248
92e911621.png_343,-0.04640479
92e911621.png_344,-0.03073703
92e911621.png_345,0.073318206
92e911621.png_346,0.0019064741
92e911621.png_347,0.05979421
92e911621.png_348,0.0610231
92e911621.png_349,0.032219555
92e911621.png_350,0.042332157
92e911621.png_351,0.024395293
92e911621.png_352,-0.007985603
92e911621.png_353,-0.015726965
92e911621.png_354,0.08822375
92e911621.png_355,-0.037463963
92e911621.png_356,-0.16916399
92e911621.png_357,0.004572221
92e911621.png_358,0.01279068
92e911621.png_359,-0.06994025
92e911621.png_360,0.04918599
92e911621.png_361,-0.0041407724
92e911621.png_362,0.04913124
92e911621.png_363,0.04511269
92e911621.png_364,0.022319114
92e911621.png_365,0.11204449
92e911621.png_366,0.0070296223
92e911621.png_367,-0.0054335347
92e911621.png_368,-0.07346005
92e911621.png_369,0.020839507
92e911621.png_370,-0.00323179
92e911621.png_371,-0.016156998
92e911621.png_372,-0.015982455
92e911621.png_373,0.07289215
92e911621.png_374,0.011936477
92e911621.png_375,-0.06873057
92e911621.png_376,0.09650485
92e911621.png_377,0.007083041
92e911621.png_378,-0.015660407
92e911621.png_379,0.03112596
92e911621.png_380,0.040676285
92e911621.png_381,0.028925966
92e911621.png_382,0.031233218
92e911621.png_383,0.025663158
a4e1c55a9.png_0,-0.035687443
a4e1c55a9.png_1,-0.0068658195
a4e1c55a9.png_2,-0.049092926
a4e1c55a9.png_3,-0.03754809
a4e1c55a9.png_4,-0.03632332
a4e1c55a9.png_5,0.05622445
a4e1c55a9.png_6,0.03352635
a4e1c55a9.png_7,0.07034567
a4e1c55a9.png_8,0.020036228
a4e1c55a9.png_9,0.08088687
a4e1c55a9.png_10,0.086459875
a4e1c55a9.png_11,0.05047517
a4e1c55a9.png_12,0.033855684
a4e1c55a9.png_13,0.032055322
a4e1c55a9.png_14,0.02763655
a4e1c55a9.png_15,0.05537863
a4e1c55a9.png_16,-0.00716004
a4e1c55a9.png_17,-0.08691608
a4e1c55a9.png_18,0.01584637
a4e1c55a9.png_19,0.066118225
a4e1c55a9.png_20,0.031634178
a4e1c55a9.png_21,-0.016157394
a4e1c55a9.png_22,0.023636503
a4e1c55a9.png_23,-0.02869397
a4e1c55a9.png_24,0.014199294
a4e1c55a9.png_25,0.036732025
a4e1c55a9.png_26,0.07347417
a4e1c55a9.png_27,-0.018072415
a4e1c55a9.png_28,0.024767824
a4e1c55a9.png_29,-0.059065912
a4e1c55a9.png_30,-0.05079216
a4e1c55a9.png_31,-0.063969865
a4e1c55a9.png_32,-0.05072917
a4e1c55a9.png_33,0.008860343
a4e1c55a9.png_34,0.026416803
a4e1c55a9.png_35,0.011170765
a4e1c55a9.png_36,-0.011283679
a4e1c55a9.png_37,0.04285995
a4e1c55a9.png_38,-0.0154971145
a4e1c55a9.png_39,0.005763821
a4e1c55a9.png_40,-0.031151405
a4e1c55a9.png_41,-0.038379703
a4e1c55a9.png_42,0.06516961
a4e1c55a9.png_43,-0.024410363
a4e1c55a9.png_44,-0.010368516
a4e1c55a9.png_45,0.12593451
a4e1c55a9.png_46,-0.039561678
a4e1c55a9.png_47,0.016289216
a4e1c55a9.png_48,0.051338963
a4e1c55a9.png_49,0.009803391
a4e1c55a9.png_50,-0.062490173
a4e1c55a9.png_51,-0.03547336
a4e1c55a9.png_52,0.031421095
a4e1c55a9.png_53,-0.088513024
a4e1c55a9.png_54,0.041845668
a4e1c55a9.png_55,0.020665482
a4e1c55a9.png_56,0.09638422
a4e1c55a9.png_57,-0.013796084
a4e1c55a9.png_58,-0.0044114105
a4e1c55a9.png_59,-0.07302734
a4e1c55a9.png_60,0.012520342
a4e1c55a9.png_61,0.035506975
a4e1c55a9.png_62,0.010941801
a4e1c55a9.png_63,0.013687364
a4e1c55a9.png_64,-0.033849154
a4e1c55a9.png_65,-0.026886178
a4e1c55a9.png_66,-0.046858154
a4e1c55a9.png_67,-0.056236405
a4e1c55a9.png_68,0.011395711
a4e1c55a9.png_69,-0.0746651
a4e1c55a9.png_70,0.013192063
a4e1c55a9.png_71,-0.02767689
a4e1c55a9.png_72,0.0035833982
a4e1c55a9.png_73,0.004627791
a4e1c55a9.png_74,0.010947091
a4e1c55a9.png_75,-0.09289557
a4e1c55a9.png_76,-0.013338039
a4e1c55a9.png_77,-0.015900875
a4e1c55a9.png_78,-0.024427107
a4e1c55a9.png_79,-0.04414745
a4e1c55a9.png_80,0.06218271
a4e1c55a9.png_81,0.005230085
a4e1c55a9.png_82,-0.08406074
a4e1c55a9.png_83,0.1333353
a4e1c55a9.png_84,-0.06376709
a4e1c55a9.png_85,0.043892067
a4e1c55a9.png_86,0.0050403653
a4e1c55a9.png_87,0.009388748
a4e1c55a9.png_88,0.050965186
a4e1c55a9.png_89,0.09466989
a4e1c55a9.png_90,0.01605043
a4e1c55a9.png_91,0.01482068
a4e1c55a9.png_92,-0.018564016
a4e1c55a9.png_93,-0.036041003
a4e1c55a9.png_94,-0.058793016
a4e1c55a9.png_95,-0.018315775
a4e1c55a9.png_96,0.028403223
a4e1c55a9.png_97,-0.04200384
a4e1c55a9.png_98,-0.08846838
a4e1c55a9.png_99,0.0039003766
a4e1c55a9.png_100,0.075396374
a4e1c55a9.png_101,-0.03161737
a4e1c55a9.png_102,-0.013250603
a4e1c55a9.png_103,-0.0071831825
a4e1c55a9.png_104,0.019923856
a4e1c55a9.png_105,-0.02215388
a4e1c55a9.png_106,-0.008806533
a4e1c55a9.png_107,-0.047486495
a4e1c55a9.png_108,0.008383148
a4e1c55a9.png_109,-0.076498434
a4e1c55a9.png_110,-0.042761896
a4e1c55a9.png_111,-0.0708779
a4e1c55a9.png_112,-0.06259317
a4e1c55a9.png_113,0.093198
a4e1c55a9.png_114,0.038132694
a4e1c55a9.png_115,-0.049403936
a4e1c55a9.png_116,0.023410043
a4e1c55a9.png_117,-0.0014808687
a4e1c55a9.png_118,-0.025275888
a4e1c55a9.png_119,-0.010169419
a4e1c55a9.png_120,0.07686608
a4e1c55a9.png_121,-0.05226881
a4e1c55a9.png_122,-0.0073011387
a4e1c55a9.png_123,0.02399528
a4e1c55a9.png_124,0.03071767
a4e1c55a9.png_125,-0.03615602
a4e1c55a9.png_126,-0.008976554
a4e1c55a9.png_127,-6.196438e-33
a4e1c55a9.png_128,0.04866886
a4e1c55a9.png_129,0.029425753
a4e1c55a9.png_130,-0.040878806
a4e1c55a9.png_131,0.02544641
a4e1c55a9.png_132,0.0072538387
a4e1c55a9.png_133,0.07791601
a4e1c55a9.png_134,0.049612503
a4e1c55a9.png_135,0.054813616
a4e1c55a9.png_136,-0.04668435
a4e1c55a9.png_137,-0.014060797
a4e1c55a9.png_138,-0.0068909125
a4e1c55a9.png_139,-0.06438168
a4e1c55a9.png_140,-0.003636036
a4e1c55a9.png_141,0.10980339
a4e1c55a9.png_142,-0.045145072
a4e1c55a9.png_143,-0.06386391
a4e1c55a9.png_144,0.08294609
a4e1c55a9.png_145,0.016226502
a4e1c55a9.png_146,-0.0041759172
a4e1c55a9.png_147,0.07389502
a4e1c55a9.png_148,-0.004200807
a4e1c55a9.png_149,0.05032595
a4e1c55a9.png_150,0.062295545
a4e1c55a9.png_151,-0.032212924
a4e1c55a9.png_152,0.00897383
a4e1c55a9.png_153,0.02868694
a4e1c55a9.png_154,-0.050431095
a4e1c55a9.png_155,0.06059337
a4e1c55a9.png_156,0.036616463
a4e1c55a9.png_157,-0.013209171
a4e1c55a9.png_158,0.0075848205
a4e1c55a9.png_159,0.054160483
a4e1c55a9.png_160,-0.074177295
a4e1c55a9.png_161,0.020607818
a4e1c55a9.png_162,-0.039445218
a4e1c55a9.png_163,-0.092008345
a4e1c55a9.png_164,-0.010489163
a4e1c55a9.png_165,-0.13151756
a4e1c55a9.png_166,0.030575356
a4e1c55a9.png_167,0.033300836
a4e1c55a9.png_168,-0.061758228
a4e1c55a9.png_169,-0.041474894
a4e1c55a9.png_170,-0.024065385
a4e1c55a9.png_171,-0.011037951
a4e1c55a9.png_172,-0.0037949542
a4e1c55a9.png_173,-0.075200185
a4e1c55a9.png_174,-0.045804292
a4e1c55a9.png_175,-0.034589674
a4e1c55a9.png_176,-0.124361746
a4e1c55a9.png_177,0.0070389477
a4e1c55a9.png_178,-0.011400872
a4e1c55a9.png_179,0.072612286
a4e1c55a9.png_180,0.024580237
a4e1c55a9.png_181,-0.006892158
a4e1c55a9.png_182,0.048502065
a4e1c55a9.png_183,-0.1450618
a4e1c55a9.png_184,-0.006475557
a4e1c55a9.png_185,0.0138557395
a4e1c55a9.png_186,-0.07408872
a4e1c55a9.png_187,0.025929136
a4e1c55a9.png_188,0.031123964
a4e1c55a9.png_189,0.10240722
a4e1c55a9.png_190,4.7464113e-05
a4e1c55a9.png_191,0.05323307
a4e1c55a9.png_192,0.069730595
a4e1c55a9.png_193,0.037853368
a4e1c55a9.png_194,0.02035823
a4e1c55a9.png_195,-0.03750849
a4e1c55a9.png_196,0.07867929
a4e1c55a9.png_197,-0.013209014
a4e1c55a9.png_198,-0.031254657
a4e1c55a9.png_199,-0.026664998
a4e1c55a9.png_200,0.02157
a4e1c55a9.png_201,-0.046109296
a4e1c55a9.png_202,-0.030143023
a4e1c55a9.png_203,-0.03526004
a4e1c55a9.png_204,-0.012785834
a4e1c55a9.png_205,0.037283976
a4e1c55a9.png_206,0.0077896337
a4e1c55a9.png_207,0.0339731
a4e1c55a9.png_208,-0.05703134
a4e1c55a9.png_209,-0.030984338
a4e1c55a9.png_210,0.01893291
a4e1c55a9.png_211,-0.015279097
a4e1c55a9.png_212,0.0021495814
a4e1c55a9.png_213,-0.030201638
a4e1c55a9.png_214,0.044816807
a4e1c55a9.png_215,0.028566351
a4e1c55a9.png_216,-0.019412478
a4e1c55a9.png_217,0.01248221
a4e1c55a9.png_218,-0.051048983
a4e1c55a9.png_219,-0.06292017
a4e1c55a9.png_220,-0.0709919
a4e1c55a9.png_221,0.04344501
a4e1c55a9.png_222,-0.0029416317
a4e1c55a9.png_223,4.3481617e-33
a4e1c55a9.png_224,0.005261434
a4e1c55a9.png_225,0.019440586
a4e1c55a9.png_226,0.047226157
a4e1c55a9.png_227,0.024731029
a4e1c55a9.png_228,-0.0013499899
a4e1c55a9.png_229,-0.09408281
a4e1c55a9.png_230,0.015069806
a4e1c55a9.png_231,0.0073058447
a4e1c55a9.png_232,-0.10922384
a4e1c55a9.png_233,0.032730304
a4e1c55a9.png_234,0.03468969
a4e1c55a9.png_235,-0.02643019
a4e1c55a9.png_236,-0.016514227
a4e1c55a9.png_237,0.022939375
a4e1c55a9.png_238,0.07382471
a4e1c55a9.png_239,0.036417782
a4e1c55a9.png_240,0.027778951
a4e1c55a9.png_241,-0.02862565
a4e1c55a9.png_242,-0.0425295
a4e1c55a9.png_243,-0.10239202
a4e1c55a9.png_244,0.0021489135
a4e1c55a9.png_245,0.045710135
a4e1c55a9.png_246,0.04273815
a4e1c55a9.png_247,0.04164279
a4e1c55a9.png_248,0.016460897
a4e1c55a9.png_249,0.05396733
a4e1c55a9.png_250,0.008535321
a4e1c55a9.png_251,0.010133807
a4e1c55a9.png_252,-0.043489907
a4e1c55a9.png_253,0.020101426
a4e1c55a9.png_254,-0.040737458
a4e1c55a9.png_255,-0.079757206
a4e1c55a9.png_256,0.01289826
a4e1c55a9.png_257,0.055915937
a4e1c55a9.png_258,0.039536007
a4e1c55a9.png_259,-0.080941685
a4e1c55a9.png_260,0.06613564
a4e1c55a9.png_261,-0.030887498
a4e1c55a9.png_262,0.02442541
a4e1c55a9.png_263,-0.06848552
a4e1c55a9.png_264,0.033684663
a4e1c55a9.png_265,0.0053316923
a4e1c55a9.png_266,0.0142510375
a4e1c55a9.png_267,0.054740664
a4e1c55a9.png_268,0.017884731
a4e1c55a9.png_269,-0.051225238
a4e1c55a9.png_270,-0.06184198
a4e1c55a9.png_271,0.04782368
a4e1c55a9.png_272,-0.0065757427
a4e1c55a9.png_273,0.051425394
a4e1c55a9.png_274,-0.02548704
a4e1c55a9.png_275,-0.040574886
a4e1c55a9.png_276,0.07371324
a4e1c55a9.png_277,-0.06694406
a4e1c55a9.png_278,0.015387165
a4e1c55a9.png_279,-0.031872764
a4e1c55a9.png_280,-0.03112354
a4e1c55a9.png_281,0.02307309
a4e1c55a9.png_282,0.09328888
a4e1c55a9.png_283,-0.00429804
a4e1c55a9.png_284,-0.008403923
a4e1c55a9.png_285,-0.044612568
a4e1c55a9.png_286,-0.039199095
a4e1c55a9.png_287,-0.0011444567
a4e1c55a9.png_288,-0.016015977
a4e1c55a9.png_289,0.02019067
a4e1c55a9.png_290,0.13087839
a4e1c55a9.png_291,0.041000906
a4e1c55a9.png_292,0.09282762
a4e1c55a9.png_293,0.02218138
a4e1c55a9.png_294,0.13268465
a4e1c55a9.png_295,0.055886988
a4e1c55a9.png_296,0.1333983
a4e1c55a9.png_297,0.022795046
a4e1c55a9.png_298,0.08983939
a4e1c55a9.png_299,0.022784399
a4e1c55a9.png_300,0.026644576
a4e1c55a9.png_301,0.04453025
a4e1c55a9.png_302,0.05978007
a4e1c55a9.png_303,-0.0037936112
a4e1c55a9.png_304,-0.06294878
a4e1c55a9.png_305,-0.055499565
a4e1c55a9.png_306,0.005324722
a4e1c55a9.png_307,0.04246322
a4e1c55a9.png_308,-0.010136884
a4e1c55a9.png_309,0.081205405
a4e1c55a9.png_310,-0.111178786
a4e1c55a9.png_311,0.048085514
a4e1c55a9.png_312,0.009156671
a4e1c55a9.png_313,0.0015894546
a4e1c55a9.png_314,0.02548654
a4e1c55a9.png_315,0.048650987
a4e1c55a9.png_316,-0.0009687279
a4e1c55a9.png_317,0.042082146
a4e1c55a9.png_318,0.040713996
a4e1c55a9.png_319,-1.5986403e-08
a4e1c55a9.png_320,0.009490116
a4e1c55a9.png_321,-0.029687045
a4e1c55a9.png_322,0.06256335
a4e1c55a9.png_323,-0.099444665
a4e1c55a9.png_324,0.049527757
a4e1c55a9.png_325,0.030473733
a4e1c55a9.png_326,0.0352089
a4e1c55a9.png_327,-0.16491374
a4e1c55a9.png_328,-0.058488056
a4e1c55a9.png_329,-0.020240963
a4e1c55a9.png_330,0.069469444
a4e1c55a9.png_331,-0.0002791052
a4e1c55a9.png_332,-0.0027739448
a4e1c55a9.png_333,0.0049661305
a4e1c55a9.png_334,-0.0073652696
a4e1c55a9.png_335,-0.003036036
a4e1c55a9.png_336,0.040997874
a4e1c55a9.png_337,0.061585203
a4e1c55a9.png_338,0.038359124
a4e1c55a9.png_339,0.00018131692
a4e1c55a9.png_340,0.080156356
a4e1c55a9.png_341,-0.11860919
a4e1c55a9.png_342,0.011310883
a4e1c55a9.png_343,0.03263537
a4e1c55a9.png_344,-0.070771575
a4e1c55a9.png_345,0.0060101384
a4e1c55a9.png_346,-0.090158485
a4e1c55a9.png_347,0.04194997
a4e1c55a9.png_348,-0.06976776
a4e1c55a9.png_349,0.015592039
a4e1c55a9.png_350,0.026796486
a4e1c55a9.png_351,-0.03658512
a4e1c55a9.png_352,0.04007016
a4e1c55a9.png_353,0.038626164
a4e1c55a9.png_354,0.07850038
a4e1c55a9.png_355,-0.06955474
a4e1c55a9.png_356,-0.1063304
a4e1c55a9.png_357,-0.07254064
a4e1c55a9.png_358,-0.018560942
a4e1c55a9.png_359,0.05306373
a4e1c55a9.png_360,0.06969929
a4e1c55a9.png_361,0.096522495
a4e1c55a9.png_362,-0.046377495
a4e1c55a9.png_363,0.028187698
a4e1c55a9.png_364,0.016415084
a4e1c55a9.png_365,-0.011616784
a4e1c55a9.png_366,0.02064248
a4e1c55a9.png_367,-0.12889802
a4e1c55a9.png_368,-0.08058582
a4e1c55a9.png_369,-0.013568975
a4e1c55a9.png_370,-0.079457104
a4e1c55a9.png_371,-0.0166174
a4e1c55a9.png_372,0.0069392943
a4e1c55a9.png_373,0.066500865
a4e1c55a9.png_374,0.028465291
a4e1c55a9.png_375,-0.008651355
a4e1c55a9.png_376,0.053166162
a4e1c55a9.png_377,-0.068381704
a4e1c55a9.png_378,-0.07936399
a4e1c55a9.png_379,0.07510263
a4e1c55a9.png_380,-0.054073423
a4e1c55a9.png_381,0.10855012
a4e1c55a9.png_382,-0.07334041
a4e1c55a9.png_383,-0.000871311
20057f34d.png_0,0.028319066
20057f34d.png_1,0.05372941
20057f34d.png_2,0.003003102
20057f34d.png_3,-0.052031547
20057f34d.png_4,-0.0039474834
20057f34d.png_5,-0.013413709
20057f34d.png_6,0.03820706
20057f34d.png_7,-0.000540286
20057f34d.png_8,0.115494
20057f34d.png_9,0.03205274
20057f34d.png_10,-0.023082923
20057f34d.png_11,-0.026950298
20057f34d.png_12,-0.025898024
20057f34d.png_13,-0.0009850411
20057f34d.png_14,-0.03358521
20057f34d.png_15,0.014772017
20057f34d.png_16,-0.08478625
20057f34d.png_17,-0.012747045
20057f34d.png_18,0.058880717
20057f34d.png_19,0.008265649
20057f34d.png_20,-0.06621539
20057f34d.png_21,0.038816866
20057f34d.png_22,-0.03293048
20057f34d.png_23,0.0023293544
20057f34d.png_24,-0.03659942
20057f34d.png_25,-0.006092942
20057f34d.png_26,-0.0016576676
20057f34d.png_27,0.08198079
20057f34d.png_28,-0.02988757
20057f34d.png_29,-0.07190228
20057f34d.png_30,-0.0007241491
20057f34d.png_31,0.034506336
20057f34d.png_32,0.027158372
20057f34d.png_33,0.037733383
20057f34d.png_34,0.035181694
20057f34d.png_35,-0.013789575
20057f34d.png_36,0.016417429
20057f34d.png_37,0.005804187
20057f34d.png_38,0.0146017885
20057f34d.png_39,0.019398313
20057f34d.png_40,-0.047144152
20057f34d.png_41,0.054899354
20057f34d.png_42,0.09604702
20057f34d.png_43,-0.07931764
20057f34d.png_44,0.0029520027
20057f34d.png_45,0.08137151
20057f34d.png_46,0.0593504
20057f34d.png_47,-0.014861976
20057f34d.png_48,0.028259475
20057f34d.png_49,-0.1097098
20057f34d.png_50,-0.042616118
20057f34d.png_51,-0.07764552
20057f34d.png_52,-0.0830887
20057f34d.png_53,-0.05997151
20057f34d.png_54,0.020734897
20057f34d.png_55,0.028469902
20057f34d.png_56,0.025850143
20057f34d.png_57,-0.09329
20057f34d.png_58,-0.00463169
20057f34d.png_59,-0.009345607
20057f34d.png_60,0.10996535
20057f34d.png_61,0.03400353
20057f34d.png_62,-0.07007238
20057f34d.png_63,0.022632936
20057f34d.png_64,0.02804375
20057f34d.png_65,-0.042772185
20057f34d.png_66,-0.026075257
20057f34d.png_67,-0.14704925
20057f34d.png_68,0.057135295
20057f34d.png_69,-0.029749166
20057f34d.png_70,-0.040036272
20057f34d.png_71,0.044956468
20057f34d.png_72,-0.038402665
20057f34d.png_73,-0.15851207
20057f34d.png_74,-0.048587732
20057f34d.png_75,-0.0027503942
20057f34d.png_76,0.020301426
20057f34d.png_77,-0.01918492
20057f34d.png_78,0.075629845
20057f34d.png_79,-0.013912288
20057f34d.png_80,0.14041528
20057f34d.png_81,0.09250913
20057f34d.png_82,-0.023357263
20057f34d.png_83,0.005814351
20057f34d.png_84,-0.003466871
20057f34d.png_85,0.016740564
20057f34d.png_86,-0.020755155
20057f34d.png_87,0.033031385
20057f34d.png_88,-0.014084694
20057f34d.png_89,-0.051344927
20057f34d.png_90,-0.04902104
20057f34d.png_91,-0.06057967
20057f34d.png_92,-0.09908978
20057f34d.png_93,0.031819854
20057f34d.png_94,0.01629855
20057f34d.png_95,-0.02908715
20057f34d.png_96,0.020499459
20057f34d.png_97,-0.12640418
20057f34d.png_98,-0.026299512
20057f34d.png_99,0.07422792
20057f34d.png_100,0.06849751
20057f34d.png_101,-0.027501712
20057f34d.png_102,-0.033805817
20057f34d.png_103,-0.00549897
20057f34d.png_104,0.025542388
20057f34d.png_105,0.068777494
20057f34d.png_106,-0.011930999
20057f34d.png_107,0.04619907
20057f34d.png_108,0.053322565
20057f34d.png_109,-0.030101776
20057f34d.png_110,-0.013473703
20057f34d.png_111,-0.001759727
20057f34d.png_112,-0.04771771
20057f34d.png_113,-0.0018685763
20057f34d.png_114,-0.11777519
20057f34d.png_115,-0.019767527
20057f34d.png_116,0.034403138
20057f34d.png_117,-0.034798246
20057f34d.png_118,-0.019896463
20057f34d.png_119,-0.0077371714
20057f34d.png_120,0.0086450465
20057f34d.png_121,0.0002160359
20057f34d.png_122,-0.013245503
20057f34d.png_123,-0.023600848
20057f34d.png_124,0.08203009
20057f34d.png_125,-0.07581678
20057f34d.png_126,0.03561704
20057f34d.png_127,-7.659775e-33
20057f34d.png_128,-0.0018148355
20057f34d.png_129,0.02612339
20057f34d.png_130,-0.0070745503
20057f34d.png_131,-0.02656395
20057f34d.png_132,0.07614645
20057f34d.png_133,-0.008101449
20057f34d.png_134,0.022935584
20057f34d.png_135,0.045853216
20057f34d.png_136,0.027529515
20057f34d.png_137,0.08097966
20057f34d.png_138,-0.084365636
20057f34d.png_139,-0.053419843
20057f34d.png_140,0.012249821
20057f34d.png_141,0.022360273
20057f34d.png_142,0.044545256
20057f34d.png_143,-0.018916862
20057f34d.png_144,-0.042420994
20057f34d.png_145,-0.041287873
20057f34d.png_146,-0.10423359
20057f34d.png_147,0.00663313
20057f34d.png_148,-0.038387172
20057f34d.png_149,-0.07130724
20057f34d.png_150,-0.02279491
20057f34d.png_151,-0.06261817
20057f34d.png_152,0.09670782
20057f34d.png_153,0.026043624
20057f34d.png_154,0.038695026
20057f34d.png_155,-0.062287558
20057f34d.png_156,-0.10891811
20057f34d.png_157,-0.010294639
20057f34d.png_158,0.026969586
20057f34d.png_159,0.059958145
20057f34d.png_160,0.022114933
20057f34d.png_161,0.04993504
20057f34d.png_162,-0.050470203
20057f34d.png_163,-0.0036589336
20057f34d.png_164,0.10706108
20057f34d.png_165,-0.021954613
20057f34d.png_166,-0.031152515
20057f34d.png_167,-0.025234774
20057f34d.png_168,-0.05216178
20057f34d.png_169,-0.004005365
20057f34d.png_170,-0.059431005
20057f34d.png_171,0.016374575
20057f34d.png_172,0.038363554
20057f34d.png_173,0.01510911
20057f34d.png_174,-0.036058597
20057f34d.png_175,0.01512592
20057f34d.png_176,-0.022692168
20057f34d.png_177,0.03701225
20057f34d.png_178,0.017052582
20057f34d.png_179,0.056017008
20057f34d.png_180,-0.060423046
20057f34d.png_181,-0.037115976
20057f34d.png_182,-0.010292332
20057f34d.png_183,0.015904171
20057f34d.png_184,-0.02717594
20057f34d.png_185,-0.02355807
20057f34d.png_186,-0.00962736
20057f34d.png_187,0.0151093975
20057f34d.png_188,0.02347324
20057f34d.png_189,-0.021972986
20057f34d.png_190,-0.043119375
20057f34d.png_191,0.01905626
20057f34d.png_192,-0.04965951
20057f34d.png_193,-0.009690523
20057f34d.png_194,0.021598939
20057f34d.png_195,-0.0033566167
20057f34d.png_196,0.015485427
20057f34d.png_197,0.051636595
20057f34d.png_198,-0.055338815
20057f34d.png_199,-0.0051622135
20057f34d.png_200,0.037832156
20057f34d.png_201,-0.04939476
20057f34d.png_202,-0.103687175
20057f34d.png_203,-0.0030837632
20057f34d.png_204,-0.046628516
20057f34d.png_205,0.020628849
20057f34d.png_206,0.11036828
20057f34d.png_207,0.0685866
20057f34d.png_208,0.0059271753
20057f34d.png_209,-0.016441004
20057f34d.png_210,0.07425269
20057f34d.png_211,-0.03992859
20057f34d.png_212,-0.03043791
20057f34d.png_213,-0.009091234
20057f34d.png_214,0.051568076
20057f34d.png_215,-0.0256489
20057f34d.png_216,0.033938397
20057f34d.png_217,-0.07788633
20057f34d.png_218,-0.07514995
20057f34d.png_219,0.010847115
20057f34d.png_220,0.018751852
20057f34d.png_221,-0.103044614
20057f34d.png_222,0.09948878
20057f34d.png_223,3.6971832e-33
20057f34d.png_224,-0.054880016
20057f34d.png_225,0.019411467
20057f34d.png_226,-0.029377028
20057f34d.png_227,-0.03264452
20057f34d.png_228,0.018226039
20057f34d.png_229,-0.030806916
20057f34d.png_230,0.03996619
20057f34d.png_231,0.044741556
20057f34d.png_232,-0.099383086
20057f34d.png_233,0.05390368
20057f34d.png_234,-0.086025946
20057f34d.png_235,0.1306091
20057f34d.png_236,0.041079797
20057f34d.png_237,0.041565318
20057f34d.png_238,0.044218276
20057f34d.png_239,-0.057560254
20057f34d.png_240,-0.07933906
20057f34d.png_241,-0.034118496
20057f34d.png_242,-0.049973875
20057f34d.png_243,0.05489514
20057f34d.png_244,0.021241568
20057f34d.png_245,0.019698614
20057f34d.png_246,0.021122305
20057f34d.png_247,-0.07920483
20057f34d.png_248,0.06082428
20057f34d.png_249,0.044785608
20057f34d.png_250,0.094337955
20057f34d.png_251,-0.04537853
20057f34d.png_252,-0.034684505
20057f34d.png_253,0.014101519
20057f34d.png_254,-0.025433566
20057f34d.png_255,-0.021427745
20057f34d.png_256,0.042727962
20057f34d.png_257,0.011801354
20057f34d.png_258,-0.04829924
20057f34d.png_259,0.041989394
20057f34d.png_260,0.06786503
20057f34d.png_261,-0.05485237
20057f34d.png_262,-0.09040759
20057f34d.png_263,-0.02226031
20057f34d.png_264,0.023585169
20057f34d.png_265,0.08292259
20057f34d.png_266,0.07083227
20057f34d.png_267,0.013887584
20057f34d.png_268,-0.0072316206
20057f34d.png_269,-0.050671395
20057f34d.png_270,-0.014327535
20057f34d.png_271,0.05372332
20057f34d.png_272,0.05171307
20057f34d.png_273,-0.0036220646
20057f34d.png_274,-0.059947405
20057f34d.png_275,0.0062561715
20057f34d.png_276,0.022780932
20057f34d.png_277,0.07595995
20057f34d.png_278,0.03955975
20057f34d.png_279,0.051873084
20057f34d.png_280,-0.07369442
20057f34d.png_281,-0.06114327
20057f34d.png_282,0.02016727
20057f34d.png_283,0.03988172
20057f34d.png_284,-0.012770399
20057f34d.png_285,-0.019154767
20057f34d.png_286,-0.05978654
20057f34d.png_287,0.041947205
20057f34d.png_288,0.066934824
20057f34d.png_289,0.021756914
20057f34d.png_290,-0.005981131
20057f34d.png_291,0.06722649
20057f34d.png_292,-0.06373107
20057f34d.png_293,0.11224446
20057f34d.png_294,-0.0023056085
20057f34d.png_295,-0.011734674
20057f34d.png_296,0.021869982
20057f34d.png_297,-0.03805887
20057f34d.png_298,0.035745714
20057f34d.png_299,0.05403746
20057f34d.png_300,0.023046907
20057f34d.png_301,0.074479535
20057f34d.png_302,0.009353627
20057f34d.png_303,0.08344115
20057f34d.png_304,0.05701853
20057f34d.png_305,-0.047004815
20057f34d.png_306,0.03478637
20057f34d.png_307,0.054444127
20057f34d.png_308,0.13512558
20057f34d.png_309,-0.023260616
20057f34d.png_310,-0.09102949
20057f34d.png_311,-0.028399896
20057f34d.png_312,-0.039147504
20057f34d.png_313,0.0035756768
20057f34d.png_314,-0.028320955
20057f34d.png_315,0.016779715
20057f34d.png_316,-0.061694678
20057f34d.png_317,-0.07143925
20057f34d.png_318,0.04881563
20057f34d.png_319,-1.7219019e-08
20057f34d.png_320,-0.038422477
20057f34d.png_321,0.025726303
20057f34d.png_322,-0.0729185
20057f34d.png_323,-0.061166614
20057f34d.png_324,-0.004113643
20057f34d.png_325,-0.0018778798
20057f34d.png_326,0.06988603
20057f34d.png_327,-0.06884493
20057f34d.png_328,0.035139177
20057f34d.png_329,-0.08871832
20057f34d.png_330,-0.05589063
20057f34d.png_331,-0.023912936
20057f34d.png_332,-0.087979905
20057f34d.png_333,0.08554798
20057f34d.png_334,-0.0016652141
20057f34d.png_335,0.03666066
20057f34d.png_336,-0.098622516
20057f34d.png_337,0.017347716
20057f34d.png_338,-0.021370657
20057f34d.png_339,0.039473113
20057f34d.png_340,-0.018134527
20057f34d.png_341,0.029759578
20057f34d.png_342,-0.029825298
20057f34d.png_343,-0.012556652
20057f34d.png_344,-0.050699405
20057f34d.png_345,0.08775387
20057f34d.png_346,-0.05956404
20057f34d.png_347,0.0064842757
20057f34d.png_348,0.013210825
20057f34d.png_349,0.081310965
20057f34d.png_350,0.033138778
20057f34d.png_351,0.1119215
20057f34d.png_352,0.012341099
20057f34d.png_353,-0.0073369592
20057f34d.png_354,-0.017243812
20057f34d.png_355,0.010130884
20057f34d.png_356,0.01636132
20057f34d.png_357,0.031656586
20057f34d.png_358,-0.037629936
20057f34d.png_359,-0.03889794
20057f34d.png_360,-0.014477413
20057f34d.png_361,-0.04845152
20057f34d.png_362,0.054834504
20057f34d.png_363,0.0105745215
20057f34d.png_364,0.023401016
20057f34d.png_365,0.0797825
20057f34d.png_366,0.041656982
20057f34d.png_367,-0.051484317
20057f34d.png_368,-0.03724914
20057f34d.png_369,0.012145028
20057f34d.png_370,0.012375453
20057f34d.png_371,-0.0025462485
20057f34d.png_372,0.009049048
20057f34d.png_373,0.07983786
20057f34d.png_374,0.048063844
20057f34d.png_375,0.06802571
20057f34d.png_376,0.09199446
20057f34d.png_377,-0.11922221
20057f34d.png_378,-0.024909863
20057f34d.png_379,0.01742294
20057f34d.png_380,-0.043187167
20057f34d.png_381,0.035792127
20057f34d.png_382,-0.004048281
20057f34d.png_383,0.008782259
d8edf2e40.png_0,0.04205317
d8edf2e40.png_1,0.0028239924
d8edf2e40.png_2,0.06536793
d8edf2e40.png_3,0.01811943
d8edf2e40.png_4,-0.006375938
d8edf2e40.png_5,0.02472667
d8edf2e40.png_6,0.17402469
d8edf2e40.png_7,0.07230021
d8edf2e40.png_8,-0.021436188
d8edf2e40.png_9,0.0072280266
d8edf2e40.png_10,0.060631573
d8edf2e40.png_11,0.04646823
d8edf2e40.png_12,-0.044224832
d8edf2e40.png_13,0.04057867
d8edf2e40.png_14,0.023448447
d8edf2e40.png_15,0.018139701
d8edf2e40.png_16,0.018072847
d8edf2e40.png_17,0.07446411
d8edf2e40.png_18,0.05288292
d8edf2e40.png_19,0.07362751
d8edf2e40.png_20,0.02139603
d8edf2e40.png_21,-0.002851463
d8edf2e40.png_22,-0.03553571
d8edf2e40.png_23,0.032650452
d8edf2e40.png_24,-0.0122095235
d8edf2e40.png_25,0.0037996261
d8edf2e40.png_26,0.10575326
d8edf2e40.png_27,0.016848898
d8edf2e40.png_28,-0.059193872
d8edf2e40.png_29,0.006256338
d8edf2e40.png_30,-0.0012497813
d8edf2e40.png_31,-0.006973866
d8edf2e40.png_32,0.024670877
d8edf2e40.png_33,0.024214584
d8edf2e40.png_34,-0.020357296
d8edf2e40.png_35,0.040214438
d8edf2e40.png_36,0.05061703
d8edf2e40.png_37,0.023604603
d8edf2e40.png_38,-0.014045798
d8edf2e40.png_39,0.0809133
d8edf2e40.png_40,-0.049825735
d8edf2e40.png_41,-0.035066497
d8edf2e40.png_42,-0.033634342
d8edf2e40.png_43,-0.005486585
d8edf2e40.png_44,0.07979297
d8edf2e40.png_45,-0.040459726
d8edf2e40.png_46,0.034768958
d8edf2e40.png_47,-0.004241708
d8edf2e40.png_48,0.02840467
d8edf2e40.png_49,-0.060489845
d8edf2e40.png_50,0.0053553786
d8edf2e40.png_51,0.0282318
d8edf2e40.png_52,0.014960852
d8edf2e40.png_53,0.07818345
d8edf2e40.png_54,0.014298257
d8edf2e40.png_55,-0.008282509
d8edf2e40.png_56,-0.024628593
d8edf2e40.png_57,0.007474736
d8edf2e40.png_58,-0.0073957387
d8edf2e40.png_59,-0.020430228
d8edf2e40.png_60,0.04554109
d8edf2e40.png_61,-0.044532586
d8edf2e40.png_62,-0.056314506
d8edf2e40.png_63,-0.028419914
d8edf2e40.png_64,-0.006976779
d8edf2e40.png_65,-0.058761023
d8edf2e40.png_66,0.014934704
d8edf2e40.png_67,-0.09664719
d8edf2e40.png_68,0.108565964
d8edf2e40.png_69,-0.02622429
d8edf2e40.png_70,0.027755685
d8edf2e40.png_71,-0.015408554
d8edf2e40.png_72,-0.06883148
d8edf2e40.png_73,-0.045726016
d8edf2e40.png_74,-0.0042832904
d8edf2e40.png_75,-0.020198315
d8edf2e40.png_76,0.043062937
d8edf2e40.png_77,0.02480632
d8edf2e40.png_78,0.041173544
d8edf2e40.png_79,0.074814476
d8edf2e40.png_80,0.081477314
d8edf2e40.png_81,0.04880888
d8edf2e40.png_82,0.003464907
d8edf2e40.png_83,0.006746513
d8edf2e40.png_84,-0.058062125
d8edf2e40.png_85,0.0064676106
d8edf2e40.png_86,-0.057884432
d8edf2e40.png_87,0.011264632
d8edf2e40.png_88,-0.08847319
d8edf2e40.png_89,-0.024706312
d8edf2e40.png_90,-0.035410054
d8edf2e40.png_91,-0.017757587
d8edf2e40.png_92,-0.06404222
d8edf2e40.png_93,-0.10140868
d8edf2e40.png_94,-0.04033566
d8edf2e40.png_95,-0.047998425
d8edf2e40.png_96,-0.09940986
d8edf2e40.png_97,-0.039331663
d8edf2e40.png_98,0.0004974833
d8edf2e40.png_99,0.009919727
d8edf2e40.png_100,-0.07175066
d8edf2e40.png_101,0.02008353
d8edf2e40.png_102,0.071875766
d8edf2e40.png_103,0.10926172
d8edf2e40.png_104,0.03643554
d8edf2e40.png_105,-0.03903132
d8edf2e40.png_106,0.07666779
d8edf2e40.png_107,0.04719354
d8edf2e40.png_108,-0.058931835
d8edf2e40.png_109,0.013454713
d8edf2e40.png_110,-0.031094464
d8edf2e40.png_111,-0.0370427
d8edf2e40.png_112,-0.051793475
d8edf2e40.png_113,0.004827737
d8edf2e40.png_114,0.02655195
d8edf2e40.png_115,0.004705166
d8edf2e40.png_116,-0.14470576
d8edf2e40.png_117,0.04417637
d8edf2e40.png_118,-0.004721506
d8edf2e40.png_119,0.02823177
d8edf2e40.png_120,-0.05329012
d8edf2e40.png_121,-0.018006569
d8edf2e40.png_122,-0.0027751923
d8edf2e40.png_123,0.023238234
d8edf2e40.png_124,-0.044035003
d8edf2e40.png_125,-0.028801033
d8edf2e40.png_126,0.095818624
d8edf2e40.png_127,-6.854938e-33
d8edf2e40.png_128,0.03595059
d8edf2e40.png_129,-0.00952876
d8edf2e40.png_130,0.12599547
d8edf2e40.png_131,0.029147878
d8edf2e40.png_132,0.06489018
d8edf2e40.png_133,0.0481602
d8edf2e40.png_134,-0.05439923
d8edf2e40.png_135,-0.018119315
d8edf2e40.png_136,0.01121308
d8edf2e40.png_137,0.034996722
d8edf2e40.png_138,0.025043024
d8edf2e40.png_139,-0.047392033
d8edf2e40.png_140,0.04244352
d8edf2e40.png_141,0.115389496
d8edf2e40.png_142,-0.029026387
d8edf2e40.png_143,-0.026436782
d8edf2e40.png_144,0.043840494
d8edf2e40.png_145,0.05298078
d8edf2e40.png_146,-0.013604816
d8edf2e40.png_147,0.017550956
d8edf2e40.png_148,0.113041304
d8edf2e40.png_149,-0.01512991
d8edf2e40.png_150,-0.009738903
d8edf2e40.png_151,-0.033738058
d8edf2e40.png_152,0.0068524457
d8edf2e40.png_153,-0.036861926
d8edf2e40.png_154,0.00024242434
d8edf2e40.png_155,0.0474874
d8edf2e40.png_156,0.012329894
d8edf2e40.png_157,-0.02213119
d8edf2e40.png_158,-0.06584861
d8edf2e40.png_159,0.085807286
d8edf2e40.png_160,0.030929513
d8edf2e40.png_161,-0.021153282
d8edf2e40.png_162,-0.029706394
d8edf2e40.png_163,-0.015111379
d8edf2e40.png_164,-0.028373001
d8edf2e40.png_165,-0.035490524
d8edf2e40.png_166,0.010497195
d8edf2e40.png_167,-0.060320955
d8edf2e40.png_168,-0.092768066
d8edf2e40.png_169,-0.06352849
d8edf2e40.png_170,0.007582537
d8edf2e40.png_171,0.02224167
d8edf2e40.png_172,-0.022583403
d8edf2e40.png_173,0.03405587
d8edf2e40.png_174,0.11716707
d8edf2e40.png_175,-0.118818305
d8edf2e40.png_176,0.07258921
d8edf2e40.png_177,0.07259346
d8edf2e40.png_178,-0.006250828
d8edf2e40.png_179,-0.035860013
d8edf2e40.png_180,-0.07536678
d8edf2e40.png_181,0.029159427
d8edf2e40.png_182,0.04358529
d8edf2e40.png_183,-0.075166374
d8edf2e40.png_184,-0.017238274
d8edf2e40.png_185,0.042729206
d8edf2e40.png_186,0.041946847
d8edf2e40.png_187,0.030878484
d8edf2e40.png_188,-0.09397762
d8edf2e40.png_189,0.067968495
d8edf2e40.png_190,0.012073628
d8edf2e40.png_191,-0.019269975
d8edf2e40.png_192,0.058721725
d8edf2e40.png_193,-0.10697739
d8edf2e40.png_194,0.010124328
d8edf2e40.png_195,-0.013680419
d8edf2e40.png_196,-0.048457332
d8edf2e40.png_197,0.041650746
d8edf2e40.png_198,-0.02301614
d8edf2e40.png_199,0.08735748
d8edf2e40.png_200,0.06824455
d8edf2e40.png_201,-0.030956376
d8edf2e40.png_202,0.011815468
d8edf2e40.png_203,-0.032173593
d8edf2e40.png_204,-0.053705283
d8edf2e40.png_205,-0.03477327
d8edf2e40.png_206,-0.036085308
d8edf2e40.png_207,-0.02990893
d8edf2e40.png_208,-0.107380144
d8edf2e40.png_209,-0.00172078
d8edf2e40.png_210,0.028398769
d8edf2e40.png_211,0.036981743
d8edf2e40.png_212,0.08359393
d8edf2e40.png_213,0.063624345
d8edf2e40.png_214,-0.015201561
d8edf2e40.png_215,0.039685536
d8edf2e40.png_216,0.015916942
d8edf2e40.png_217,-0.06389032
d8edf2e40.png_218,-0.0075807897
d8edf2e40.png_219,-0.044201806
d8edf2e40.png_220,-0.10360871
d8edf2e40.png_221,0.03803944
d8edf2e40.png_222,-0.007337942
d8edf2e40.png_223,2.7498176e-33
d8edf2e40.png_224,0.025475603
d8edf2e40.png_225,-0.041043606
d8edf2e40.png_226,0.05083702
d8edf2e40.png_227,-0.040763382
d8edf2e40.png_228,-0.018050808
d8edf2e40.png_229,0.01033809
d8edf2e40.png_230,0.01376245
d8edf2e40.png_231,0.091742255
d8edf2e40.png_232,-0.012972392
d8edf2e40.png_233,0.04069816
d8edf2e40.png_234,-0.048679605
d8edf2e40.png_235,0.0562677
d8edf2e40.png_236,0.046070516
d8edf2e40.png_237,0.032926235
d8edf2e40.png_238,0.09471139
d8edf2e40.png_239,0.10113917
d8edf2e40.png_240,-0.020258686
d8edf2e40.png_241,-0.051953584
d8edf2e40.png_242,-0.026559787
d8edf2e40.png_243,0.09834487
d8edf2e40.png_244,-0.0039942754
d8edf2e40.png_245,0.020447917
d8edf2e40.png_246,0.010430742
d8edf2e40.png_247,-0.037647597
d8edf2e40.png_248,-0.056378573
d8edf2e40.png_249,-0.03337125
d8edf2e40.png_250,0.0959595
d8edf2e40.png_251,0.046760023
d8edf2e40.png_252,0.0061349417
d8edf2e40.png_253,-0.03919668
d8edf2e40.png_254,-0.006546466
d8edf2e40.png_255,0.08518711
d8edf2e40.png_256,-0.04422752
d8edf2e40.png_257,-0.015814196
d8edf2e40.png_258,0.0141825685
d8edf2e40.png_259,-0.018970283
d8edf2e40.png_260,-0.12835948
d8edf2e40.png_261,0.03456766
d8edf2e40.png_262,-0.026207404
d8edf2e40.png_263,0.06311551
d8edf2e40.png_264,-0.027953664
d8edf2e40.png_265,0.041382913
d8edf2e40.png_266,0.089058064
d8edf2e40.png_267,-0.041473296
d8edf2e40.png_268,0.10590498
d8edf2e40.png_269,-0.06696805
d8edf2e40.png_270,-0.0519351
d8edf2e40.png_271,-0.014037378
d8edf2e40.png_272,0.03489143
d8edf2e40.png_273,0.010881945
d8edf2e40.png_274,0.015406394
d8edf2e40.png_275,0.00024952492
d8edf2e40.png_276,0.0016542069
d8edf2e40.png_277,0.051174026
d8edf2e40.png_278,0.0249839
d8edf2e40.png_279,-0.021770734
d8edf2e40.png_280,-0.13205628
d8edf2e40.png_281,-0.0040687886
d8edf2e40.png_282,-0.019637091
d8edf2e40.png_283,0.0052001104
d8edf2e40.png_284,0.08155472
d8edf2e40.png_285,0.017544273
d8edf2e40.png_286,0.08667127
d8edf2e40.png_287,0.005750597
d8edf2e40.png_288,-0.021238891
d8edf2e40.png_289,-0.011823505
d8edf2e40.png_290,-0.051047407
d8edf2e40.png_291,0.017961718
d8edf2e40.png_292,-0.035203572
d8edf2e40.png_293,0.010347058
d8edf2e40.png_294,0.07280744
d8edf2e40.png_295,-0.08421474
d8edf2e40.png_296,-0.057956282
d8edf2e40.png_297,-0.017152723
d8edf2e40.png_298,0.016682584
d8edf2e40.png_299,-0.0584929
d8edf2e40.png_300,0.046112973
d8edf2e40.png_301,0.015933413
d8edf2e40.png_302,0.05711216
d8edf2e40.png_303,0.019999122
d8edf2e40.png_304,0.047879115
d8edf2e40.png_305,-0.022789659
d8edf2e40.png_306,-0.0034307605
d8edf2e40.png_307,-0.004682022
d8edf2e40.png_308,-0.040411785
d8edf2e40.png_309,-0.007869591
d8edf2e40.png_310,-0.10302549
d8edf2e40.png_311,0.037585016
d8edf2e40.png_312,-0.031015333
d8edf2e40.png_313,0.06218964
d8edf2e40.png_314,-0.04631
d8edf2e40.png_315,0.015605698
d8edf2e40.png_316,-0.010261167
d8edf2e40.png_317,0.015289006
d8edf2e40.png_318,-0.07237338
d8edf2e40.png_319,-1.9642991e-08
d8edf2e40.png_320,-0.11188388
d8edf2e40.png_321,0.035749555
d8edf2e40.png_322,0.03906984
d8edf2e40.png_323,-0.04087208
d8edf2e40.png_324,0.025155919
d8edf2e40.png_325,0.050762545
d8edf2e40.png_326,0.023402002
d8edf2e40.png_327,-0.06107167
d8edf2e40.png_328,0.046948634
d8edf2e40.png_329,-0.044855174
d8edf2e40.png_330,-0.109970495
d8edf2e40.png_331,0.006640261
d8edf2e40.png_332,0.018556617
d8edf2e40.png_333,0.054384377
d8edf2e40.png_334,-0.02528957
d8edf2e40.png_335,-0.009820866
d8edf2e40.png_336,-0.0032975485
d8edf2e40.png_337,0.016721291
d8edf2e40.png_338,0.027619788
d8edf2e40.png_339,0.029101592
d8edf2e40.png_340,0.0060578017
d8edf2e40.png_341,-0.061521605
d8edf2e40.png_342,0.036545742
d8edf2e40.png_343,0.038244125
d8edf2e40.png_344,-0.010861806
d8edf2e40.png_345,0.005580343
d8edf2e40.png_346,0.04170085
d8edf2e40.png_347,0.08643548
d8edf2e40.png_348,-0.034343395
d8edf2e40.png_349,0.035081327
d8edf2e40.png_350,0.052598644
d8edf2e40.png_351,0.018852968
d8edf2e40.png_352,-0.026734533
d8edf2e40.png_353,0.05381171
d8edf2e40.png_354,0.032616097
d8edf2e40.png_355,0.014354968
d8edf2e40.png_356,0.09108767
d8edf2e40.png_357,0.0031878562
d8edf2e40.png_358,-0.031939495
d8edf2e40.png_359,-0.0375861
d8edf2e40.png_360,0.0093278
d8edf2e40.png_361,-0.095664255
d8edf2e40.png_362,-0.055710904
d8edf2e40.png_363,-0.008124078
d8edf2e40.png_364,-0.058494315
d8edf2e40.png_365,-0.042242147
d8edf2e40.png_366,0.046787262
d8edf2e40.png_367,-0.10166063
d8edf2e40.png_368,-0.046313327
d8edf2e40.png_369,0.007364743
d8edf2e40.png_370,0.0143670365
d8edf2e40.png_371,-0.07729595
d8edf2e40.png_372,-0.022851134
d8edf2e40.png_373,0.060866803
d8edf2e40.png_374,-0.052959267
d8edf2e40.png_375,-0.003777708
d8edf2e40.png_376,-0.052988615
d8edf2e40.png_377,-0.017937843
d8edf2e40.png_378,-0.10160587
d8edf2e40.png_379,-0.009322208
d8edf2e40.png_380,-0.16948694
d8edf2e40.png_381,-0.063136466
d8edf2e40.png_382,-0.059961114
d8edf2e40.png_383,0.022960262
227ef0887.png_0,-0.00451717
227ef0887.png_1,0.023555303
227ef0887.png_2,-0.06617845
227ef0887.png_3,-0.0726187
227ef0887.png_4,-0.14883094
227ef0887.png_5,-0.06816627
227ef0887.png_6,0.008835923
227ef0887.png_7,-0.03423071
227ef0887.png_8,0.04686626
227ef0887.png_9,0.01131248
227ef0887.png_10,-0.019523794
227ef0887.png_11,-0.033435863
227ef0887.png_12,-0.072276495
227ef0887.png_13,0.012344025
227ef0887.png_14,-0.01708767
227ef0887.png_15,-0.12916306
227ef0887.png_16,-0.0014072547
227ef0887.png_17,-0.0075088497
227ef0887.png_18,0.09675302
227ef0887.png_19,-0.034528106
227ef0887.png_20,-0.0664684
227ef0887.png_21,-0.0017309923
227ef0887.png_22,-0.012838233
227ef0887.png_23,0.014301306
227ef0887.png_24,0.0020270424
227ef0887.png_25,0.044855714
227ef0887.png_26,0.083421454
227ef0887.png_27,0.03640711
227ef0887.png_28,0.04120772
227ef0887.png_29,-0.024816528
227ef0887.png_30,0.060780052
227ef0887.png_31,0.00048443335
227ef0887.png_32,-0.102819294
227ef0887.png_33,0.02858324
227ef0887.png_34,-0.071523815
227ef0887.png_35,-0.032565515
227ef0887.png_36,0.02311652
227ef0887.png_37,0.020116625
227ef0887.png_38,0.0042080292
227ef0887.png_39,0.028332606
227ef0887.png_40,0.056416377
227ef0887.png_41,0.009249614
227ef0887.png_42,0.11476041
227ef0887.png_43,0.012509711
227ef0887.png_44,-0.02945076
227ef0887.png_45,-0.0045174267
227ef0887.png_46,-0.03532885
227ef0887.png_47,-0.009687873
227ef0887.png_48,-0.03252738
227ef0887.png_49,-0.12781417
227ef0887.png_50,-0.03645239
227ef0887.png_51,-0.06413093
227ef0887.png_52,-0.039557755
227ef0887.png_53,0.043307815
227ef0887.png_54,0.017063586
227ef0887.png_55,-0.0031983075
227ef0887.png_56,0.006313332
227ef0887.png_57,-0.040801145
227ef0887.png_58,0.012953698
227ef0887.png_59,0.04760265
227ef0887.png_60,0.010199371
227ef0887.png_61,0.0016146677
227ef0887.png_62,-0.042132217
227ef0887.png_63,-0.006225717
227ef0887.png_64,-0.08918507
227ef0887.png_65,0.026077526
227ef0887.png_66,-0.014310734
227ef0887.png_67,-0.02147951
227ef0887.png_68,-0.045794353
227ef0887.png_69,-0.01017587
227ef0887.png_70,0.024204377
227ef0887.png_71,0.05238607
227ef0887.png_72,0.045849808
227ef0887.png_73,0.001379155
227ef0887.png_74,0.0758129
227ef0887.png_75,-0.10396667
227ef0887.png_76,-0.015220356
227ef0887.png_77,-0.090456866
227ef0887.png_78,-0.023640554
227ef0887.png_79,0.029902082
227ef0887.png_80,-0.06363766
227ef0887.png_81,0.054845743
227ef0887.png_82,-0.039633945
227ef0887.png_83,0.046476
227ef0887.png_84,-0.070993446
227ef0887.png_85,0.00049943593
227ef0887.png_86,-0.011161697
227ef0887.png_87,0.031469587
227ef0887.png_88,-0.011900173
227ef0887.png_89,-0.0021917268
227ef0887.png_90,0.022250155
227ef0887.png_91,0.039979227
227ef0887.png_92,-0.04020931
227ef0887.png_93,-0.06327631
227ef0887.png_94,-0.07403009
227ef0887.png_95,0.010913419
227ef0887.png_96,-0.025269816
227ef0887.png_97,-0.04724331
227ef0887.png_98,-0.02851181
227ef0887.png_99,0.038047582
227ef0887.png_100,-0.025013998
227ef0887.png_101,-0.057446968
227ef0887.png_102,0.03096524
227ef0887.png_103,-0.02534147
227ef0887.png_104,-0.017542139
227ef0887.png_105,0.002287488
227ef0887.png_106,-0.010871342
227ef0887.png_107,0.045144264
227ef0887.png_108,0.06352075
227ef0887.png_109,0.029345196
227ef0887.png_110,-0.09274661
227ef0887.png_111,0.11078655
227ef0887.png_112,-0.060413945
227ef0887.png_113,-0.013542637
227ef0887.png_114,-0.04991122
227ef0887.png_115,-0.033662204
227ef0887.png_116,0.0136038605
227ef0887.png_117,-0.041866116
227ef0887.png_118,-0.017090898
227ef0887.png_119,-0.02772594
227ef0887.png_120,0.058649097
227ef0887.png_121,-0.025168557
227ef0887.png_122,-0.07078824
227ef0887.png_123,0.01887047
227ef0887.png_124,-0.060505603
227ef0887.png_125,0.030528316
227ef0887.png_126,0.0875713
227ef0887.png_127,-5.172656e-33
227ef0887.png_128,0.00206895
227ef0887.png_129,0.07264099
227ef0887.png_130,0.019283792
227ef0887.png_131,-0.0018730029
227ef0887.png_132,0.09413096
227ef0887.png_133,-0.040337354
227ef0887.png_134,0.003833811
227ef0887.png_135,0.019949801
227ef0887.png_136,0.056540728
227ef0887.png_137,0.046533015
227ef0887.png_138,-0.0014092537
227ef0887.png_139,-0.030534413
227ef0887.png_140,-0.10697731
227ef0887.png_141,0.072338924
227ef0887.png_142,0.1540394
227ef0887.png_143,-0.031326383
227ef0887.png_144,0.036837764
227ef0887.png_145,0.013787757
227ef0887.png_146,-0.010846553
227ef0887.png_147,-0.032315616
227ef0887.png_148,-0.09866813
227ef0887.png_149,-0.020333488
227ef0887.png_150,0.06754865
227ef0887.png_151,-0.0227453
227ef0887.png_152,0.029566303
227ef0887.png_153,0.013738088
227ef0887.png_154,0.0350363
227ef0887.png_155,-0.023551995
227ef0887.png_156,-0.046335924
227ef0887.png_157,0.031167582
227ef0887.png_158,0.0482911
227ef0887.png_159,0.047119696
227ef0887.png_160,-0.01773063
227ef0887.png_161,0.0012664727
227ef0887.png_162,-0.018977994
227ef0887.png_163,-0.06036444
227ef0887.png_164,-0.0441753
227ef0887.png_165,-0.026159402
227ef0887.png_166,0.053680614
227ef0887.png_167,0.05174146
227ef0887.png_168,0.0011272755
227ef0887.png_169,0.032551467
227ef0887.png_170,-0.020673648
227ef0887.png_171,0.06124416
227ef0887.png_172,0.022749025
227ef0887.png_173,0.056176975
227ef0887.png_174,0.048683316
227ef0887.png_175,0.03882962
227ef0887.png_176,0.005553991
227ef0887.png_177,0.0009953207
227ef0887.png_178,0.07618794
227ef0887.png_179,0.04892946
227ef0887.png_180,-0.03447073
227ef0887.png_181,0.0098225735
227ef0887.png_182,0.040294256
227ef0887.png_183,0.0045005423
227ef0887.png_184,0.03484396
227ef0887.png_185,-0.004773822
227ef0887.png_186,-0.003423178
227ef0887.png_187,-0.042053297
227ef0887.png_188,0.056379665
227ef0887.png_189,0.0034068625
227ef0887.png_190,0.0050267577
227ef0887.png_191,-0.003376465
227ef0887.png_192,-0.029172322
227ef0887.png_193,0.0103570875
227ef0887.png_194,0.009444883
227ef0887.png_195,-0.088633694
227ef0887.png_196,0.006887506
227ef0887.png_197,-0.011931659
227ef0887.png_198,-0.023635434
227ef0887.png_199,-0.050625663
227ef0887.png_200,-0.05304374
227ef0887.png_201,0.0155730015
227ef0887.png_202,-0.04568767
227ef0887.png_203,0.045066785
227ef0887.png_204,0.04810662
227ef0887.png_205,-0.024502743
227ef0887.png_206,0.045184087
227ef0887.png_207,-0.020861458
227ef0887.png_208,-0.009801211
227ef0887.png_209,-0.040043086
227ef0887.png_210,-0.05199364
227ef0887.png_211,-0.05056176
227ef0887.png_212,-0.05944517
227ef0887.png_213,0.12295233
227ef0887.png_214,0.08408102
227ef0887.png_215,0.014505697
227ef0887.png_216,0.024073685
227ef0887.png_217,-0.004651235
227ef0887.png_218,-0.032433897
227ef0887.png_219,0.022214675
227ef0887.png_220,0.058502313
227ef0887.png_221,0.018914938
227ef0887.png_222,-0.06429623
227ef0887.png_223,2.1866913e-33
227ef0887.png_224,-0.09963818
227ef0887.png_225,-0.015857704
227ef0887.png_226,-0.07095048
227ef0887.png_227,0.009231945
227ef0887.png_228,0.052916035
227ef0887.png_229,-0.03413772
227ef0887.png_230,-0.053868573
227ef0887.png_231,0.0009172785
227ef0887.png_232,0.02925362
227ef0887.png_233,0.02194977
227ef0887.png_234,-0.027069548
227ef0887.png_235,-0.00841999
227ef0887.png_236,0.04819925
227ef0887.png_237,0.030946653
227ef0887.png_238,0.04174625
227ef0887.png_239,0.033449292
227ef0887.png_240,0.022574613
227ef0887.png_241,0.014071785
227ef0887.png_242,0.01433233
227ef0887.png_243,-0.028081305
227ef0887.png_244,0.05080992
227ef0887.png_245,0.07297632
227ef0887.png_246,-0.06343143
227ef0887.png_247,-0.008276724
227ef0887.png_248,-0.026834702
227ef0887.png_249,0.041547954
227ef0887.png_250,0.03464059
227ef0887.png_251,0.034967218
227ef0887.png_252,-0.0253521
227ef0887.png_253,0.0007790399
227ef0887.png_254,-0.022437101
227ef0887.png_255,-0.10994283
227ef0887.png_256,0.14093621
227ef0887.png_257,-0.04629127
227ef0887.png_258,-0.018024232
227ef0887.png_259,0.032202266
227ef0887.png_260,0.10288652
227ef0887.png_261,-0.12258229
227ef0887.png_262,-0.030342853
227ef0887.png_263,-0.047275297
227ef0887.png_264,0.03041321
227ef0887.png_265,-0.015439127
227ef0887.png_266,0.013405677
227ef0887.png_267,0.12534237
227ef0887.png_268,-0.08871176
227ef0887.png_269,-0.029478112
227ef0887.png_270,-0.0030198144
227ef0887.png_271,0.0575385
227ef0887.png_272,0.012448293
227ef0887.png_273,0.018424386
227ef0887.png_274,0.031214947
227ef0887.png_275,0.013389269
227ef0887.png_276,0.09140769
227ef0887.png_277,-0.033352282
227ef0887.png_278,-0.04689386
227ef0887.png_279,-0.012603674
227ef0887.png_280,-0.0640017
227ef0887.png_281,-0.043829132
227ef0887.png_282,0.104959324
227ef0887.png_283,-0.0608551
227ef0887.png_284,-0.0834676
227ef0887.png_285,0.051015314
227ef0887.png_286,0.042804986
227ef0887.png_287,-0.050739355
227ef0887.png_288,0.10944969
227ef0887.png_289,0.022706866
227ef0887.png_290,0.08368049
227ef0887.png_291,-0.13262771
227ef0887.png_292,-0.07635129
227ef0887.png_293,0.018089112
227ef0887.png_294,0.038376108
227ef0887.png_295,0.106298454
227ef0887.png_296,0.04188949
227ef0887.png_297,-0.019079398
227ef0887.png_298,0.0052084597
227ef0887.png_299,0.03863017
227ef0887.png_300,0.0058263177
227ef0887.png_301,0.022344142
227ef0887.png_302,-0.046649978
227ef0887.png_303,0.10319895
227ef0887.png_304,-0.03200719
227ef0887.png_305,0.042831026
227ef0887.png_306,-0.021510597
227ef0887.png_307,-0.049715504
227ef0887.png_308,-0.012305072
227ef0887.png_309,-0.1134902
227ef0887.png_310,-0.024286497
227ef0887.png_311,0.0038568957
227ef0887.png_312,0.005346042
227ef0887.png_313,0.122816235
227ef0887.png_314,0.03735447
227ef0887.png_315,0.08986752
227ef0887.png_316,0.003041905
227ef0887.png_317,-0.012514834
227ef0887.png_318,0.07946128
227ef0887.png_319,-1.58372e-08
227ef0887.png_320,0.028917857
227ef0887.png_321,-0.083552815
227ef0887.png_322,-0.11109288
227ef0887.png_323,0.017234748
227ef0887.png_324,-0.03222287
227ef0887.png_325,-0.06567679
227ef0887.png_326,0.06670326
227ef0887.png_327,-0.058878656
227ef0887.png_328,-0.0023545683
227ef0887.png_329,-0.0907242
227ef0887.png_330,0.0055859294
227ef0887.png_331,0.074317776
227ef0887.png_332,0.02007299
227ef0887.png_333,0.086762324
227ef0887.png_334,-0.021648062
227ef0887.png_335,0.009804841
227ef0887.png_336,-0.030106472
227ef0887.png_337,0.0014071752
227ef0887.png_338,-0.025520828
227ef0887.png_339,0.03426713
227ef0887.png_340,0.0992494
227ef0887.png_341,0.030867256
227ef0887.png_342,0.041032203
227ef0887.png_343,-0.048663933
227ef0887.png_344,-0.07142708
227ef0887.png_345,0.022522887
227ef0887.png_346,-0.057188462
227ef0887.png_347,0.042570446
227ef0887.png_348,-0.035047356
227ef0887.png_349,0.08714026
227ef0887.png_350,-0.0200694
227ef0887.png_351,0.050640553
227ef0887.png_352,0.064201646
227ef0887.png_353,0.03873793
227ef0887.png_354,-0.06353242
227ef0887.png_355,0.003814675
227ef0887.png_356,-0.10692762
227ef0887.png_357,0.009987579
227ef0887.png_358,-0.04532689
227ef0887.png_359,-0.016256487
227ef0887.png_360,0.038560387
227ef0887.png_361,-0.060846645
227ef0887.png_362,-0.09134167
227ef0887.png_363,0.01928834
227ef0887.png_364,-0.0054491144
227ef0887.png_365,0.06457876
227ef0887.png_366,-0.05074096
227ef0887.png_367,0.071055636
227ef0887.png_368,-0.014463284
227ef0887.png_369,0.06343374
227ef0887.png_370,-0.031715557
227ef0887.png_371,0.02201976
227ef0887.png_372,0.08577429
227ef0887.png_373,-0.007128305
227ef0887.png_374,-0.043117035
227ef0887.png_375,-0.007896464
227ef0887.png_376,0.051960524
227ef0887.png_377,-0.031178493
227ef0887.png_378,0.015190405
227ef0887.png_379,-0.021125594
227ef0887.png_380,-0.05566349
227ef0887.png_381,0.015003462
227ef0887.png_382,-0.027602945
227ef0887.png_383,0.032892592
c98f79f71.png_0,0.045073505
c98f79f71.png_1,0.10028068
c98f79f71.png_2,-0.03901539
c98f79f71.png_3,-0.015165215
c98f79f71.png_4,0.0054284316
c98f79f71.png_5,0.031296797
c98f79f71.png_6,0.12876254
c98f79f71.png_7,-0.077979654
c98f79f71.png_8,0.0010610096
c98f79f71.png_9,-0.04162234
c98f79f71.png_10,-0.05331156
c98f79f71.png_11,0.00020601472
c98f79f71.png_12,-0.039887518
c98f79f71.png_13,0.048053958
c98f79f71.png_14,-0.01232461
c98f79f71.png_15,0.020513613
c98f79f71.png_16,-0.06995758
c98f79f71.png_17,-0.0061792936
c98f79f71.png_18,0.05808895
c98f79f71.png_19,-0.007855667
c98f79f71.png_20,-0.056538377
c98f79f71.png_21,0.06243037
c98f79f71.png_22,-0.032816637
c98f79f71.png_23,-0.037497737
c98f79f71.png_24,-0.0028970619
c98f79f71.png_25,-0.02518238
c98f79f71.png_26,0.017961128
c98f79f71.png_27,0.049146578
c98f79f71.png_28,0.02176848
c98f79f71.png_29,-0.014563089
c98f79f71.png_30,0.07514016
c98f79f71.png_31,-0.06530985
c98f79f71.png_32,-0.046996478
c98f79f71.png_33,-0.028506203
c98f79f71.png_34,-0.058080632
c98f79f71.png_35,-0.018216845
c98f79f71.png_36,-0.030974725
c98f79f71.png_37,0.07304715
c98f79f71.png_38,0.031564344
c98f79f71.png_39,-0.0022432485
c98f79f71.png_40,-0.004070039
c98f79f71.png_41,0.000479411
c98f79f71.png_42,-0.06554088
c98f79f71.png_43,0.04468722
c98f79f71.png_44,-0.0018803134
c98f79f71.png_45,0.05686768
c98f79f71.png_46,-0.10484076
c98f79f71.png_47,0.048249274
c98f79f71.png_48,0.073116146
c98f79f71.png_49,0.010415045
c98f79f71.png_50,-0.09018048
c98f79f71.png_51,-0.110527724
c98f79f71.png_52,-0.06589647
c98f79f71.png_53,-0.081899144
c98f79f71.png_54,0.033466868
c98f79f71.png_55,0.10430945
c98f79f71.png_56,0.032558702
c98f79f71.png_57,-0.028928375
c98f79f71.png_58,-0.055087455
c98f79f71.png_59,-0.023965366
c98f79f71.png_60,-0.0505638
c98f79f71.png_61,-0.03786803
c98f79f71.png_62,-0.010802314
c98f79f71.png_63,0.070971064
c98f79f71.png_64,0.06523477
c98f79f71.png_65,-0.033109803
c98f79f71.png_66,-0.062797345
c98f79f71.png_67,-0.0904662
c98f79f71.png_68,0.05817456
c98f79f71.png_69,0.036809053
c98f79f71.png_70,0.09265001
c98f79f71.png_71,-0.055010878
c98f79f71.png_72,-0.0828
c98f79f71.png_73,-0.13662624
c98f79f71.png_74,-0.03593872
c98f79f71.png_75,-0.014624825
c98f79f71.png_76,-0.043472324
c98f79f71.png_77,-0.009139156
c98f79f71.png_78,-0.0012028435
c98f79f71.png_79,-0.07138495
c98f79f71.png_80,0.04189006
c98f79f71.png_81,0.03880897
c98f79f71.png_82,-0.04098762
c98f79f71.png_83,0.00059473445
c98f79f71.png_84,0.03887955
c98f79f71.png_85,0.06587792
c98f79f71.png_86,-0.0549934
c98f79f71.png_87,0.015461716
c98f79f71.png_88,-0.103146695
c98f79f71.png_89,-0.0057625663
c98f79f71.png_90,0.013818609
c98f79f71.png_91,0.0002024331
c98f79f71.png_92,-0.044061325
c98f79f71.png_93,-0.05064171
c98f79f71.png_94,0.10340925
c98f79f71.png_95,0.020509787
c98f79f71.png_96,0.0014697883
c98f79f71.png_97,-0.018184612
c98f79f71.png_98,-0.039251354
c98f79f71.png_99,0.060881723
c98f79f71.png_100,0.057064183
c98f79f71.png_101,-0.14280243
c98f79f71.png_102,-0.0072985473
c98f79f71.png_103,-0.06275154
c98f79f71.png_104,0.1065764
c98f79f71.png_105,0.036571063
c98f79f71.png_106,0.0017767849
c98f79f71.png_107,0.012758036
c98f79f71.png_108,-0.035192955
c98f79f71.png_109,-0.020421794
c98f79f71.png_110,-0.040303413
c98f79f71.png_111,0.027609192
c98f79f71.png_112,-0.050426263
c98f79f71.png_113,0.037895296
c98f79f71.png_114,0.017657867
c98f79f71.png_115,-0.05881483
c98f79f71.png_116,-0.009748207
c98f79f71.png_117,-0.121342726
c98f79f71.png_118,-0.07938098
c98f79f71.png_119,-0.027441911
c98f79f71.png_120,0.063028894
c98f79f71.png_121,-0.024996456
c98f79f71.png_122,-0.018569835
c98f79f71.png_123,-0.025212022
c98f79f71.png_124,-0.040165264
c98f79f71.png_125,-0.004372315
c98f79f71.png_126,-0.050230544
c98f79f71.png_127,-7.121808e-33
c98f79f71.png_128,0.046642315
c98f79f71.png_129,-0.010725815
c98f79f71.png_130,0.0777621
c98f79f71.png_131,-0.028219499
c98f79f71.png_132,0.105876
c98f79f71.png_133,0.08912455
c98f79f71.png_134,0.032283667
c98f79f71.png_135,-0.029315019
c98f79f71.png_136,-0.06927176
c98f79f71.png_137,0.0174772
c98f79f71.png_138,0.042790875
c98f79f71.png_139,-0.020949163
c98f79f71.png_140,-0.041886505
c98f79f71.png_141,0.16917683
c98f79f71.png_142,0.018495135
c98f79f71.png_143,0.015824527
c98f79f71.png_144,0.0902327
c98f79f71.png_145,-0.021981377
c98f79f71.png_146,0.0084018875
c98f79f71.png_147,-0.06789483
c98f79f71.png_148,-0.057182617
c98f79f71.png_149,0.0067968816
c98f79f71.png_150,-0.08107509
c98f79f71.png_151,-0.06918474
c98f79f71.png_152,-0.0026944652
c98f79f71.png_153,0.056057893
c98f79f71.png_154,-0.038187392
c98f79f71.png_155,-0.063342616
c98f79f71.png_156,0.0014320703
c98f79f71.png_157,0.011165047
c98f79f71.png_158,-0.019409062
c98f79f71.png_159,0.034480684
c98f79f71.png_160,-0.0020972886
c98f79f71.png_161,-0.05182865
c98f79f71.png_162,-0.06327585
c98f79f71.png_163,-0.07231503
c98f79f71.png_164,-0.015610752
c98f79f71.png_165,-0.056708805
c98f79f71.png_166,-0.013592488
c98f79f71.png_167,0.085269906
c98f79f71.png_168,0.043721735
c98f79f71.png_169,0.00348752
c98f79f71.png_170,0.0009522137
c98f79f71.png_171,0.08316073
c98f79f71.png_172,-0.04153741
c98f79f71.png_173,0.0016380493
c98f79f71.png_174,-0.007794341
c98f79f71.png_175,0.045410864
c98f79f71.png_176,-0.022169152
c98f79f71.png_177,0.075792626
c98f79f71.png_178,0.031594977
c98f79f71.png_179,0.00732108
c98f79f71.png_180,0.006845887
c98f79f71.png_181,-0.07935101
c98f79f71.png_182,-0.05267819
c98f79f71.png_183,0.034737505
c98f79f71.png_184,-0.007109344
c98f79f71.png_185,-0.009222117
c98f79f71.png_186,-0.004507475
c98f79f71.png_187,-0.025729872
c98f79f71.png_188,-0.038862586
c98f79f71.png_189,0.035869807
c98f79f71.png_190,0.03547019
c98f79f71.png_191,0.0023356006
c98f79f71.png_192,0.08827116
c98f79f71.png_193,-0.030038359
c98f79f71.png_194,-0.018265782
c98f79f71.png_195,-0.016335132
c98f79f71.png_196,-0.077331975
c98f79f71.png_197,0.038455635
c98f79f71.png_198,-0.012164309
c98f79f71.png_199,0.056861468
c98f79f71.png_200,-0.009527988
c98f79f71.png_201,-0.17728831
c98f79f71.png_202,-0.052334044
c98f79f71.png_203,0.06506339
c98f79f71.png_204,0.0026391468
c98f79f71.png_205,-0.0068372334
c98f79f71.png_206,-0.019917447
c98f79f71.png_207,0.052830916
c98f79f71.png_208,-0.058739353
c98f79f71.png_209,0.077878356
c98f79f71.png_210,0.049529716
c98f79f71.png_211,-0.09539536
c98f79f71.png_212,-0.017959017
c98f79f71.png_213,0.035626415
c98f79f71.png_214,0.024922434
c98f79f71.png_215,0.030714443
c98f79f71.png_216,0.030502286
c98f79f71.png_217,0.03164368
c98f79f71.png_218,0.051713273
c98f79f71.png_219,0.066023745
c98f79f71.png_220,0.013610659
c98f79f71.png_221,-0.040536236
c98f79f71.png_222,0.013293399
c98f79f71.png_223,2.4116674e-33
c98f79f71.png_224,-0.06916198
c98f79f71.png_225,0.0442277
c98f79f71.png_226,0.028129827
c98f79f71.png_227,0.070479885
c98f79f71.png_228,0.032538157
c98f79f71.png_229,-0.0947725
c98f79f71.png_230,0.0075661787
c98f79f71.png_231,0.06702014
c98f79f71.png_232,-0.031001475
c98f79f71.png_233,-0.003790354
c98f79f71.png_234,-0.03254713
c98f79f71.png_235,0.045292046
c98f79f71.png_236,0.07001604
c98f79f71.png_237,-0.006093107
c98f79f71.png_238,-0.010022107
c98f79f71.png_239,-0.017428083
c98f79f71.png_240,-0.03750425
c98f79f71.png_241,0.035938196
c98f79f71.png_242,0.040380698
c98f79f71.png_243,-0.0137217315
c98f79f71.png_244,0.05251383
c98f79f71.png_245,0.038748156
c98f79f71.png_246,0.06565434
c98f79f71.png_247,-0.032075156
c98f79f71.png_248,-0.11106319
c98f79f71.png_249,0.05433207
c98f79f71.png_250,0.0046674795
c98f79f71.png_251,-0.068677865
c98f79f71.png_252,-0.025200967
c98f79f71.png_253,0.05875351
c98f79f71.png_254,0.0022005846
c98f79f71.png_255,-0.04222056
c98f79f71.png_256,0.011740657
c98f79f71.png_257,-0.03307258
c98f79f71.png_258,-0.013248119
c98f79f71.png_259,-0.03366042
c98f79f71.png_260,0.048143186
c98f79f71.png_261,-0.015481794
c98f79f71.png_262,0.027726753
c98f79f71.png_263,0.116416074
c98f79f71.png_264,-0.014498405
c98f79f71.png_265,-0.038140055
c98f79f71.png_266,0.05737549
c98f79f71.png_267,-0.019035462
c98f79f71.png_268,0.053470016
c98f79f71.png_269,-0.059940305
c98f79f71.png_270,-0.04118237
c98f79f71.png_271,-0.024687117
c98f79f71.png_272,-0.017632188
c98f79f71.png_273,-0.003400828
c98f79f71.png_274,-0.056665722
c98f79f71.png_275,-0.056144748
c98f79f71.png_276,0.0016775959
c98f79f71.png_277,0.014305678
c98f79f71.png_278,0.014302169
c98f79f71.png_279,-0.036177132
c98f79f71.png_280,0.009439362
c98f79f71.png_281,0.014374141
c98f79f71.png_282,0.06882037
c98f79f71.png_283,0.04542278
c98f79f71.png_284,-0.018451823
c98f79f71.png_285,-0.011954488
c98f79f71.png_286,-0.070586994
c98f79f71.png_287,-0.012780509
c98f79f71.png_288,-0.025865199
c98f79f71.png_289,0.008386325
c98f79f71.png_290,0.001289417
c98f79f71.png_291,-0.0062687225
c98f79f71.png_292,0.015291784
c98f79f71.png_293,-0.050346732
c98f79f71.png_294,0.014167241
c98f79f71.png_295,0.033013985
c98f79f71.png_296,0.03142139
c98f79f71.png_297,0.03843532
c98f79f71.png_298,0.026590243
c98f79f71.png_299,0.07772314
c98f79f71.png_300,0.0848396
c98f79f71.png_301,0.022154247
c98f79f71.png_302,0.10220059
c98f79f71.png_303,-0.016475966
c98f79f71.png_304,-0.026888605
c98f79f71.png_305,-0.05735868
c98f79f71.png_306,-0.042633917
c98f79f71.png_307,0.018308055
c98f79f71.png_308,0.007790812
c98f79f71.png_309,-0.02929366
c98f79f71.png_310,-0.036459077
c98f79f71.png_311,-2.4126433e-05
c98f79f71.png_312,-0.02820311
c98f79f71.png_313,-0.036774505
c98f79f71.png_314,0.06640019
c98f79f71.png_315,0.06190381
c98f79f71.png_316,-0.016668664
c98f79f71.png_317,0.07449107
c98f79f71.png_318,0.007931507
c98f79f71.png_319,-1.7751757e-08
c98f79f71.png_320,-0.037127167
c98f79f71.png_321,-0.05884627
c98f79f71.png_322,0.07550864
c98f79f71.png_323,-0.11133862
c98f79f71.png_324,0.08492498
c98f79f71.png_325,-0.014727149
c98f79f71.png_326,0.08247618
c98f79f71.png_327,-0.13694511
c98f79f71.png_328,0.033951633
c98f79f71.png_329,0.01655528
c98f79f71.png_330,-0.050505053
c98f79f71.png_331,-0.04919874
c98f79f71.png_332,0.0062471414
c98f79f71.png_333,0.011306905
c98f79f71.png_334,0.012293239
c98f79f71.png_335,-0.013259554
c98f79f71.png_336,0.0025696284
c98f79f71.png_337,-0.01332386
c98f79f71.png_338,-0.003994976
c98f79f71.png_339,-0.103973664
c98f79f71.png_340,-0.024420941
c98f79f71.png_341,0.075873144
c98f79f71.png_342,-0.02126278
c98f79f71.png_343,-0.009569987
c98f79f71.png_344,-0.06397037
c98f79f71.png_345,-0.00094133837
c98f79f71.png_346,0.05751359
c98f79f71.png_347,0.03303462
c98f79f71.png_348,-0.026526628
c98f79f71.png_349,0.035778396
c98f79f71.png_350,-0.050006993
c98f79f71.png_351,0.12440621
c98f79f71.png_352,-0.033166535
c98f79f71.png_353,-0.011804703
c98f79f71.png_354,0.07480951
c98f79f71.png_355,-0.09522135
c98f79f71.png_356,-0.027674297
c98f79f71.png_357,-0.00064276694
c98f79f71.png_358,-0.0112879565
c98f79f71.png_359,-0.01622779
c98f79f71.png_360,0.05443872
c98f79f71.png_361,0.033106696
c98f79f71.png_362,0.0096878065
c98f79f71.png_363,-0.002938748
c98f79f71.png_364,0.064132825
c98f79f71.png_365,0.016591256
c98f79f71.png_366,0.12788318
c98f79f71.png_367,-0.023649605
c98f79f71.png_368,-0.034574
c98f79f71.png_369,0.017116122
c98f79f71.png_370,0.0075000892
c98f79f71.png_371,-0.008756881
c98f79f71.png_372,0.09030181
c98f79f71.png_373,0.012406388
c98f79f71.png_374,-0.006828368
c98f79f71.png_375,-0.043726936
c98f79f71.png_376,0.033668265
c98f79f71.png_377,0.02495612
c98f79f71.png_378,0.020605195
c98f79f71.png_379,-0.0738675
c98f79f71.png_380,0.012851032
c98f79f71.png_381,0.028804494
c98f79f71.png_382,0.009998519
c98f79f71.png_383,0.025199682
